Sample in Buffer,Sample in Window,TRIGGER,ANC_SYSTEM/Wsp[0]_36[23:0],ANC_SYSTEM/Wsp[1]_37[23:0],ANC_SYSTEM/Wsp[2]_38[23:0],ANC_SYSTEM/Wsp[3]_39[23:0],ANC_SYSTEM/Wsp[4]_40[23:0],ANC_SYSTEM/Wsp[5]_41[23:0],ANC_SYSTEM/Wsp[6]_42[23:0],ANC_SYSTEM/Wsp[7]_43[23:0],ANC_SYSTEM/Wsp[8]_44[23:0],ANC_SYSTEM/Wsp[9]_45[23:0],ANC_SYSTEM/Wsp[10]_46[23:0],ANC_SYSTEM/Wsp[11]_47[23:0]
Radix - UNSIGNED,UNSIGNED,UNSIGNED,SIGNED,SIGNED,SIGNED,SIGNED,SIGNED,SIGNED,SIGNED,SIGNED,SIGNED,SIGNED,SIGNED,SIGNED
0,0,0,-125393,-83733,-39152,-72540,-11586,-75887,-103529,-19740,-11510,-72057,-100801,-51404
1,1,0,-125393,-83733,-39152,-72540,-11586,-75887,-103529,-19740,-11510,-72057,-100801,-51404
2,2,0,-125393,-83733,-39152,-72540,-11586,-75887,-103529,-19740,-11510,-72057,-100801,-51404
3,3,0,-125393,-83733,-39152,-72540,-11586,-75887,-103529,-19740,-11510,-72057,-100801,-51404
4,4,0,-125393,-83733,-39152,-72540,-11586,-75887,-103529,-19740,-11510,-72057,-100801,-51404
5,5,0,-125393,-83733,-39152,-72540,-11586,-75887,-103529,-19740,-11510,-72057,-100801,-51404
6,6,0,-125393,-83733,-39152,-72540,-11586,-75887,-103529,-19740,-11510,-72057,-100801,-51404
7,7,0,-125393,-83733,-39152,-72540,-11586,-75887,-103529,-19740,-11510,-72057,-100801,-51404
8,8,0,-125393,-83733,-39152,-72540,-11586,-75887,-103529,-19740,-11510,-72057,-100801,-51404
9,9,0,-125393,-83733,-39152,-72540,-11586,-75887,-103529,-19740,-11510,-72057,-100801,-51404
10,10,0,-125393,-83733,-39152,-72540,-11586,-75887,-103529,-19740,-11510,-72057,-100801,-51404
11,11,0,-125393,-83733,-39152,-72540,-11586,-75887,-103529,-19740,-11510,-72057,-100801,-51404
12,12,0,-125393,-83733,-39152,-72540,-11586,-75887,-103529,-19740,-11510,-72057,-100801,-51404
13,13,0,-125393,-83733,-39152,-72540,-11586,-75887,-103529,-19740,-11510,-72057,-100801,-51404
14,14,0,-125393,-83733,-39152,-72540,-11586,-75887,-103529,-19740,-11510,-72057,-100801,-51404
15,15,0,-125393,-83733,-39152,-72540,-11586,-75887,-103529,-19740,-11510,-72057,-100801,-51404
16,16,0,-125393,-83733,-39152,-72540,-11586,-75887,-103529,-19740,-11510,-72057,-100801,-51404
17,17,0,-125393,-83733,-39152,-72540,-11586,-75887,-103529,-19740,-11510,-72057,-100801,-51404
18,18,0,-125393,-83733,-39152,-72540,-11586,-75887,-103529,-19740,-11510,-72057,-100801,-51404
19,19,0,-125393,-83733,-39152,-72540,-11586,-75887,-103529,-19740,-11510,-72057,-100801,-51404
20,20,0,-125393,-83733,-39152,-72540,-11586,-75887,-103529,-19740,-11510,-72057,-100801,-51404
21,21,0,-125393,-83733,-39152,-72540,-11586,-75887,-103529,-19740,-11510,-72057,-100801,-51404
22,22,0,-125393,-83733,-39152,-72540,-11586,-75887,-103529,-19740,-11510,-72057,-100801,-51404
23,23,0,-125393,-83733,-39152,-72540,-11586,-75887,-103529,-19740,-11510,-72057,-100801,-51404
24,24,0,-125393,-83733,-39152,-72540,-11586,-75887,-103529,-19740,-11510,-72057,-100801,-51404
25,25,0,-125393,-83733,-39152,-72540,-11586,-75887,-103529,-19740,-11510,-72057,-100801,-51404
26,26,0,-125393,-83733,-39152,-72540,-11586,-75887,-103529,-19740,-11510,-72057,-100801,-51404
27,27,0,-125393,-83733,-39152,-72540,-11586,-75887,-103529,-19740,-11510,-72057,-100801,-51404
28,28,0,-125393,-83733,-39152,-72540,-11586,-75887,-103529,-19740,-11510,-72057,-100801,-51404
29,29,0,-125393,-83733,-39152,-72540,-11586,-75887,-103529,-19740,-11510,-72057,-100801,-51404
30,30,0,-125393,-83733,-39152,-72540,-11586,-75887,-103529,-19740,-11510,-72057,-100801,-51404
31,31,0,-125393,-83733,-39152,-72540,-11586,-75887,-103529,-19740,-11510,-72057,-100801,-51404
32,32,0,-125393,-83733,-39152,-72540,-11586,-75887,-103529,-19740,-11510,-72057,-100801,-51404
33,33,0,-125393,-83733,-39152,-72540,-11586,-75887,-103529,-19740,-11510,-72057,-100801,-51404
34,34,0,-125393,-83733,-39152,-72540,-11586,-75887,-103529,-19740,-11510,-72057,-100801,-51404
35,35,0,-125393,-83733,-39152,-72540,-11586,-75887,-103529,-19740,-11510,-72057,-100801,-51404
36,36,0,-125393,-83733,-39152,-72540,-11586,-75887,-103529,-19740,-11510,-72057,-100801,-51404
37,37,0,-125393,-83733,-39152,-72540,-11586,-75887,-103529,-19740,-11510,-72057,-100801,-51404
38,38,0,-125393,-83733,-39152,-72540,-11586,-75887,-103529,-19740,-11510,-72057,-100801,-51404
39,39,0,-125393,-83733,-39152,-72540,-11586,-75887,-103529,-19740,-11510,-72057,-100801,-51404
40,40,0,-125393,-83733,-39152,-72540,-11586,-75887,-103529,-19740,-11510,-72057,-100801,-51404
41,41,0,-125393,-83733,-39152,-72540,-11586,-75887,-103529,-19740,-11510,-72057,-100801,-51404
42,42,0,-125393,-83733,-39152,-72540,-11586,-75887,-103529,-19740,-11510,-72057,-100801,-51404
43,43,0,-125393,-83733,-39152,-72540,-11586,-75887,-103529,-19740,-11510,-72057,-100801,-51404
44,44,0,-125393,-83733,-39152,-72540,-11586,-75887,-103529,-19740,-11510,-72057,-100801,-51404
45,45,0,-125393,-83733,-39152,-72540,-11586,-75887,-103529,-19740,-11510,-72057,-100801,-51404
46,46,0,-125393,-83733,-39152,-72540,-11586,-75887,-103529,-19740,-11510,-72057,-100801,-51404
47,47,0,-125393,-83733,-39152,-72540,-11586,-75887,-103529,-19740,-11510,-72057,-100801,-51404
48,48,0,-125393,-83733,-39152,-72540,-11586,-75887,-103529,-19740,-11510,-72057,-100801,-51404
49,49,0,-125393,-83733,-39152,-72540,-11586,-75887,-103529,-19740,-11510,-72057,-100801,-51404
50,50,0,-125393,-83733,-39152,-72540,-11586,-75887,-103529,-19740,-11510,-72057,-100801,-51404
51,51,0,-125393,-83733,-39152,-72540,-11586,-75887,-103529,-19740,-11510,-72057,-100801,-51404
52,52,0,-125393,-83733,-39152,-72540,-11586,-75887,-103529,-19740,-11510,-72057,-100801,-51404
53,53,0,-125393,-83733,-39152,-72540,-11586,-75887,-103529,-19740,-11510,-72057,-100801,-51404
54,54,0,-125393,-83733,-39152,-72540,-11586,-75887,-103529,-19740,-11510,-72057,-100801,-51404
55,55,0,-125393,-83733,-39152,-72540,-11586,-75887,-103529,-19740,-11510,-72057,-100801,-51404
56,56,0,-125393,-83733,-39152,-72540,-11586,-75887,-103529,-19740,-11510,-72057,-100801,-51404
57,57,0,-125393,-83733,-39152,-72540,-11586,-75887,-103529,-19740,-11510,-72057,-100801,-51404
58,58,0,-125393,-83733,-39152,-72540,-11586,-75887,-103529,-19740,-11510,-72057,-100801,-51404
59,59,0,-125393,-83733,-39152,-72540,-11586,-75887,-103529,-19740,-11510,-72057,-100801,-51404
60,60,0,-125393,-83733,-39152,-72540,-11586,-75887,-103529,-19740,-11510,-72057,-100801,-51404
61,61,0,-125393,-83733,-39152,-72540,-11586,-75887,-103529,-19740,-11510,-72057,-100801,-51404
62,62,0,-125393,-83733,-39152,-72540,-11586,-75887,-103529,-19740,-11510,-72057,-100801,-51404
63,63,0,-125393,-83733,-39152,-72540,-11586,-75887,-103529,-19740,-11510,-72057,-100801,-51404
64,64,0,-125393,-83733,-39152,-72540,-11586,-75887,-103529,-19740,-11510,-72057,-100801,-51404
65,65,0,-125393,-83733,-39152,-72540,-11586,-75887,-103529,-19740,-11510,-72057,-100801,-51404
66,66,0,-125393,-83733,-39152,-72540,-11586,-75887,-103529,-19740,-11510,-72057,-100801,-51404
67,67,0,-125393,-83733,-39152,-72540,-11586,-75887,-103529,-19740,-11510,-72057,-100801,-51404
68,68,0,-125393,-83733,-39152,-72540,-11586,-75887,-103529,-19740,-11510,-72057,-100801,-51404
69,69,0,-125393,-83733,-39152,-72540,-11586,-75887,-103529,-19740,-11510,-72057,-100801,-51404
70,70,0,-125393,-83733,-39152,-72540,-11586,-75887,-103529,-19740,-11510,-72057,-100801,-51404
71,71,0,-125393,-83733,-39152,-72540,-11586,-75887,-103529,-19740,-11510,-72057,-100801,-51404
72,72,0,-125393,-83733,-39152,-72540,-11586,-75887,-103529,-19740,-11510,-72057,-100801,-51404
73,73,0,-125393,-83733,-39152,-72540,-11586,-75887,-103529,-19740,-11510,-72057,-100801,-51404
74,74,0,-125393,-83733,-39152,-72540,-11586,-75887,-103529,-19740,-11510,-72057,-100801,-51404
75,75,0,-125393,-83733,-39152,-72540,-11586,-75887,-103529,-19740,-11510,-72057,-100801,-51404
76,76,0,-125393,-83733,-39152,-72540,-11586,-75887,-103529,-19740,-11510,-72057,-100801,-51404
77,77,0,-125393,-83733,-39152,-72540,-11586,-75887,-103529,-19740,-11510,-72057,-100801,-51404
78,78,0,-125393,-83733,-39152,-72540,-11586,-75887,-103529,-19740,-11510,-72057,-100801,-51404
79,79,0,-125393,-83733,-39152,-72540,-11586,-75887,-103529,-19740,-11510,-72057,-100801,-51404
80,80,0,-125393,-83733,-39152,-72540,-11586,-75887,-103529,-19740,-11510,-72057,-100801,-51404
81,81,0,-125393,-83733,-39152,-72540,-11586,-75887,-103529,-19740,-11510,-72057,-100801,-51404
82,82,0,-125393,-83733,-39152,-72540,-11586,-75887,-103529,-19740,-11510,-72057,-100801,-51404
83,83,0,-125393,-83733,-39152,-72540,-11586,-75887,-103529,-19740,-11510,-72057,-100801,-51404
84,84,0,-125393,-83733,-39152,-72540,-11586,-75887,-103529,-19740,-11510,-72057,-100801,-51404
85,85,0,-125393,-83733,-39152,-72540,-11586,-75887,-103529,-19740,-11510,-72057,-100801,-51404
86,86,0,-125393,-83733,-39152,-72540,-11586,-75887,-103529,-19740,-11510,-72057,-100801,-51404
87,87,0,-125393,-83733,-39152,-72540,-11586,-75887,-103529,-19740,-11510,-72057,-100801,-51404
88,88,0,-125393,-83733,-39152,-72540,-11586,-75887,-103529,-19740,-11510,-72057,-100801,-51404
89,89,0,-125393,-83733,-39152,-72540,-11586,-75887,-103529,-19740,-11510,-72057,-100801,-51404
90,90,0,-125393,-83733,-39152,-72540,-11586,-75887,-103529,-19740,-11510,-72057,-100801,-51404
91,91,0,-125393,-83733,-39152,-72540,-11586,-75887,-103529,-19740,-11510,-72057,-100801,-51404
92,92,0,-125393,-83733,-39152,-72540,-11586,-75887,-103529,-19740,-11510,-72057,-100801,-51404
93,93,0,-125393,-83733,-39152,-72540,-11586,-75887,-103529,-19740,-11510,-72057,-100801,-51404
94,94,0,-125393,-83733,-39152,-72540,-11586,-75887,-103529,-19740,-11510,-72057,-100801,-51404
95,95,0,-125393,-83733,-39152,-72540,-11586,-75887,-103529,-19740,-11510,-72057,-100801,-51404
96,96,0,-125393,-83733,-39152,-72540,-11586,-75887,-103529,-19740,-11510,-72057,-100801,-51404
97,97,0,-125393,-83733,-39152,-72540,-11586,-75887,-103529,-19740,-11510,-72057,-100801,-51404
98,98,0,-125393,-83733,-39152,-72540,-11586,-75887,-103529,-19740,-11510,-72057,-100801,-51404
99,99,0,-125393,-83733,-39152,-72540,-11586,-75887,-103529,-19740,-11510,-72057,-100801,-51404
100,100,0,-125393,-83733,-39152,-72540,-11586,-75887,-103529,-19740,-11510,-72057,-100801,-51404
101,101,0,-125393,-83733,-39152,-72540,-11586,-75887,-103529,-19740,-11510,-72057,-100801,-51404
102,102,0,-125393,-83733,-39152,-72540,-11586,-75887,-103529,-19740,-11510,-72057,-100801,-51404
103,103,0,-125393,-83733,-39152,-72540,-11586,-75887,-103529,-19740,-11510,-72057,-100801,-51404
104,104,0,-125393,-83733,-39152,-72540,-11586,-75887,-103529,-19740,-11510,-72057,-100801,-51404
105,105,0,-125393,-83733,-39152,-72540,-11586,-75887,-103529,-19740,-11510,-72057,-100801,-51404
106,106,0,-125393,-83733,-39152,-72540,-11586,-75887,-103529,-19740,-11510,-72057,-100801,-51404
107,107,0,-125393,-83733,-39152,-72540,-11586,-75887,-103529,-19740,-11510,-72057,-100801,-51404
108,108,0,-125393,-83733,-39152,-72540,-11586,-75887,-103529,-19740,-11510,-72057,-100801,-51404
109,109,0,-125393,-83733,-39152,-72540,-11586,-75887,-103529,-19740,-11510,-72057,-100801,-51404
110,110,0,-125393,-83733,-39152,-72540,-11586,-75887,-103529,-19740,-11510,-72057,-100801,-51404
111,111,0,-125393,-83733,-39152,-72540,-11586,-75887,-103529,-19740,-11510,-72057,-100801,-51404
112,112,0,-125393,-83733,-39152,-72540,-11586,-75887,-103529,-19740,-11510,-72057,-100801,-51404
113,113,0,-125393,-83733,-39152,-72540,-11586,-75887,-103529,-19740,-11510,-72057,-100801,-51404
114,114,0,-125393,-83733,-39152,-72540,-11586,-75887,-103529,-19740,-11510,-72057,-100801,-51404
115,115,0,-125393,-83733,-39152,-72540,-11586,-75887,-103529,-19740,-11510,-72057,-100801,-51404
116,116,0,-125393,-83733,-39152,-72540,-11586,-75887,-103529,-19740,-11510,-72057,-100801,-51404
117,117,0,-125393,-83733,-39152,-72540,-11586,-75887,-103529,-19740,-11510,-72057,-100801,-51404
118,118,0,-125393,-83733,-39152,-72540,-11586,-75887,-103529,-19740,-11510,-72057,-100801,-51404
119,119,0,-125393,-83733,-39152,-72540,-11586,-75887,-103529,-19740,-11510,-72057,-100801,-51404
120,120,0,-125393,-83733,-39152,-72540,-11586,-75887,-103529,-19740,-11510,-72057,-100801,-51404
121,121,0,-125393,-83733,-39152,-72540,-11586,-75887,-103529,-19740,-11510,-72057,-100801,-51404
122,122,0,-125393,-83733,-39152,-72540,-11586,-75887,-103529,-19740,-11510,-72057,-100801,-51404
123,123,0,-125393,-83733,-39152,-72540,-11586,-75887,-103529,-19740,-11510,-72057,-100801,-51404
124,124,0,-125393,-83733,-39152,-72540,-11586,-75887,-103529,-19740,-11510,-72057,-100801,-51404
125,125,0,-125393,-83733,-39152,-72540,-11586,-75887,-103529,-19740,-11510,-72057,-100801,-51404
126,126,0,-125393,-83733,-39152,-72540,-11586,-75887,-103529,-19740,-11510,-72057,-100801,-51404
127,127,0,-125393,-83733,-39152,-72540,-11586,-75887,-103529,-19740,-11510,-72057,-100801,-51404
128,128,0,-125393,-83733,-39152,-72540,-11586,-75887,-103529,-19740,-11510,-72057,-100801,-51404
129,129,0,-125393,-83733,-39152,-72540,-11586,-75887,-103529,-19740,-11510,-72057,-100801,-51404
130,130,0,-125393,-83733,-39152,-72540,-11586,-75887,-103529,-19740,-11510,-72057,-100801,-51404
131,131,0,-125393,-83733,-39152,-72540,-11586,-75887,-103529,-19740,-11510,-72057,-100801,-51404
132,132,0,-125393,-83733,-39152,-72540,-11586,-75887,-103529,-19740,-11510,-72057,-100801,-51404
133,133,0,-125393,-83733,-39152,-72540,-11586,-75887,-103529,-19740,-11510,-72057,-100801,-51404
134,134,0,-125393,-83733,-39152,-72540,-11586,-75887,-103529,-19740,-11510,-72057,-100801,-51404
135,135,0,-125393,-83733,-39152,-72540,-11586,-75887,-103529,-19740,-11510,-72057,-100801,-51404
136,136,0,-125393,-83733,-39152,-72540,-11586,-75887,-103529,-19740,-11510,-72057,-100801,-51404
137,137,0,-125393,-83733,-39152,-72540,-11586,-75887,-103529,-19740,-11510,-72057,-100801,-51404
138,138,0,-125393,-83733,-39152,-72540,-11586,-75887,-103529,-19740,-11510,-72057,-100801,-51404
139,139,0,-125393,-83733,-39152,-72540,-11586,-75887,-103529,-19740,-11510,-72057,-100801,-51404
140,140,0,-125393,-83733,-39152,-72540,-11586,-75887,-103529,-19740,-11510,-72057,-100801,-51404
141,141,0,-125393,-83733,-39152,-72540,-11586,-75887,-103529,-19740,-11510,-72057,-100801,-51404
142,142,0,-125393,-83733,-39152,-72540,-11586,-75887,-103529,-19740,-11510,-72057,-100801,-51404
143,143,0,-125393,-83733,-39152,-72540,-11586,-75887,-103529,-19740,-11510,-72057,-100801,-51404
144,144,0,-125393,-83733,-39152,-72540,-11586,-75887,-103529,-19740,-11510,-72057,-100801,-51404
145,145,0,-125393,-83733,-39152,-72540,-11586,-75887,-103529,-19740,-11510,-72057,-100801,-51404
146,146,0,-125393,-83733,-39152,-72540,-11586,-75887,-103529,-19740,-11510,-72057,-100801,-51404
147,147,0,-125393,-83733,-39152,-72540,-11586,-75887,-103529,-19740,-11510,-72057,-100801,-51404
148,148,0,-125393,-83733,-39152,-72540,-11586,-75887,-103529,-19740,-11510,-72057,-100801,-51404
149,149,0,-125393,-83733,-39152,-72540,-11586,-75887,-103529,-19740,-11510,-72057,-100801,-51404
150,150,0,-125393,-83733,-39152,-72540,-11586,-75887,-103529,-19740,-11510,-72057,-100801,-51404
151,151,0,-125393,-83733,-39152,-72540,-11586,-75887,-103529,-19740,-11510,-72057,-100801,-51404
152,152,0,-125393,-83733,-39152,-72540,-11586,-75887,-103529,-19740,-11510,-72057,-100801,-51404
153,153,0,-125393,-83733,-39152,-72540,-11586,-75887,-103529,-19740,-11510,-72057,-100801,-51404
154,154,0,-125393,-83733,-39152,-72540,-11586,-75887,-103529,-19740,-11510,-72057,-100801,-51404
155,155,0,-125393,-83733,-39152,-72540,-11586,-75887,-103529,-19740,-11510,-72057,-100801,-51404
156,156,0,-125393,-83733,-39152,-72540,-11586,-75887,-103529,-19740,-11510,-72057,-100801,-51404
157,157,0,-125393,-83733,-39152,-72540,-11586,-75887,-103529,-19740,-11510,-72057,-100801,-51404
158,158,0,-125393,-83733,-39152,-72540,-11586,-75887,-103529,-19740,-11510,-72057,-100801,-51404
159,159,0,-125393,-83733,-39152,-72540,-11586,-75887,-103529,-19740,-11510,-72057,-100801,-51404
160,160,0,-125393,-83733,-39152,-72540,-11586,-75887,-103529,-19740,-11510,-72057,-100801,-51404
161,161,0,-125393,-83733,-39152,-72540,-11586,-75887,-103529,-19740,-11510,-72057,-100801,-51404
162,162,0,-125393,-83733,-39152,-72540,-11586,-75887,-103529,-19740,-11510,-72057,-100801,-51404
163,163,0,-125393,-83733,-39152,-72540,-11586,-75887,-103529,-19740,-11510,-72057,-100801,-51404
164,164,0,-125393,-83733,-39152,-72540,-11586,-75887,-103529,-19740,-11510,-72057,-100801,-51404
165,165,0,-125393,-83733,-39152,-72540,-11586,-75887,-103529,-19740,-11510,-72057,-100801,-51404
166,166,0,-125393,-83733,-39152,-72540,-11586,-75887,-103529,-19740,-11510,-72057,-100801,-51404
167,167,0,-125393,-83733,-39152,-72540,-11586,-75887,-103529,-19740,-11510,-72057,-100801,-51404
168,168,0,-125393,-83733,-39152,-72540,-11586,-75887,-103529,-19740,-11510,-72057,-100801,-51404
169,169,0,-125393,-83733,-39152,-72540,-11586,-75887,-103529,-19740,-11510,-72057,-100801,-51404
170,170,0,-125393,-83733,-39152,-72540,-11586,-75887,-103529,-19740,-11510,-72057,-100801,-51404
171,171,0,-125393,-83733,-39152,-72540,-11586,-75887,-103529,-19740,-11510,-72057,-100801,-51404
172,172,0,-125393,-83733,-39152,-72540,-11586,-75887,-103529,-19740,-11510,-72057,-100801,-51404
173,173,0,-125393,-83733,-39152,-72540,-11586,-75887,-103529,-19740,-11510,-72057,-100801,-51404
174,174,0,-125393,-83733,-39152,-72540,-11586,-75887,-103529,-19740,-11510,-72057,-100801,-51404
175,175,0,-125393,-83733,-39152,-72540,-11586,-75887,-103529,-19740,-11510,-72057,-100801,-51404
176,176,0,-125393,-83733,-39152,-72540,-11586,-75887,-103529,-19740,-11510,-72057,-100801,-51404
177,177,0,-125393,-83733,-39152,-72540,-11586,-75887,-103529,-19740,-11510,-72057,-100801,-51404
178,178,0,-125393,-83733,-39152,-72540,-11586,-75887,-103529,-19740,-11510,-72057,-100801,-51404
179,179,0,-125393,-83733,-39152,-72540,-11586,-75887,-103529,-19740,-11510,-72057,-100801,-51404
180,180,0,-125393,-83733,-39152,-72540,-11586,-75887,-103529,-19740,-11510,-72057,-100801,-51404
181,181,0,-125393,-83733,-39152,-72540,-11586,-75887,-103529,-19740,-11510,-72057,-100801,-51404
182,182,0,-125393,-83733,-39152,-72540,-11586,-75887,-103529,-19740,-11510,-72057,-100801,-51404
183,183,0,-125393,-83733,-39152,-72540,-11586,-75887,-103529,-19740,-11510,-72057,-100801,-51404
184,184,0,-125393,-83733,-39152,-72540,-11586,-75887,-103529,-19740,-11510,-72057,-100801,-51404
185,185,0,-125393,-83733,-39152,-72540,-11586,-75887,-103529,-19740,-11510,-72057,-100801,-51404
186,186,0,-125393,-83733,-39152,-72540,-11586,-75887,-103529,-19740,-11510,-72057,-100801,-51404
187,187,0,-125393,-83733,-39152,-72540,-11586,-75887,-103529,-19740,-11510,-72057,-100801,-51404
188,188,0,-125393,-83733,-39152,-72540,-11586,-75887,-103529,-19740,-11510,-72057,-100801,-51404
189,189,0,-125393,-83733,-39152,-72540,-11586,-75887,-103529,-19740,-11510,-72057,-100801,-51404
190,190,0,-125393,-83733,-39152,-72540,-11586,-75887,-103529,-19740,-11510,-72057,-100801,-51404
191,191,0,-125393,-83733,-39152,-72540,-11586,-75887,-103529,-19740,-11510,-72057,-100801,-51404
192,192,0,-125393,-83733,-39152,-72540,-11586,-75887,-103529,-19740,-11510,-72057,-100801,-51404
193,193,0,-125393,-83733,-39152,-72540,-11586,-75887,-103529,-19740,-11510,-72057,-100801,-51404
194,194,0,-125393,-83733,-39152,-72540,-11586,-75887,-103529,-19740,-11510,-72057,-100801,-51404
195,195,0,-125393,-83733,-39152,-72540,-11586,-75887,-103529,-19740,-11510,-72057,-100801,-51404
196,196,0,-125393,-83733,-39152,-72540,-11586,-75887,-103529,-19740,-11510,-72057,-100801,-51404
197,197,0,-125393,-83733,-39152,-72540,-11586,-75887,-103529,-19740,-11510,-72057,-100801,-51404
198,198,0,-125393,-83733,-39152,-72540,-11586,-75887,-103529,-19740,-11510,-72057,-100801,-51404
199,199,0,-125393,-83733,-39152,-72540,-11586,-75887,-103529,-19740,-11510,-72057,-100801,-51404
200,200,0,-125393,-83733,-39152,-72540,-11586,-75887,-103529,-19740,-11510,-72057,-100801,-51404
201,201,0,-125393,-83733,-39152,-72540,-11586,-75887,-103529,-19740,-11510,-72057,-100801,-51404
202,202,0,-125393,-83733,-39152,-72540,-11586,-75887,-103529,-19740,-11510,-72057,-100801,-51404
203,203,0,-125393,-83733,-39152,-72540,-11586,-75887,-103529,-19740,-11510,-72057,-100801,-51404
204,204,0,-125393,-83733,-39152,-72540,-11586,-75887,-103529,-19740,-11510,-72057,-100801,-51404
205,205,0,-125393,-83733,-39152,-72540,-11586,-75887,-103529,-19740,-11510,-72057,-100801,-51404
206,206,0,-125393,-83733,-39152,-72540,-11586,-75887,-103529,-19740,-11510,-72057,-100801,-51404
207,207,0,-125393,-83733,-39152,-72540,-11586,-75887,-103529,-19740,-11510,-72057,-100801,-51404
208,208,0,-125393,-83733,-39152,-72540,-11586,-75887,-103529,-19740,-11510,-72057,-100801,-51404
209,209,0,-125393,-83733,-39152,-72540,-11586,-75887,-103529,-19740,-11510,-72057,-100801,-51404
210,210,0,-125393,-83733,-39152,-72540,-11586,-75887,-103529,-19740,-11510,-72057,-100801,-51404
211,211,0,-125393,-83733,-39152,-72540,-11586,-75887,-103529,-19740,-11510,-72057,-100801,-51404
212,212,0,-125393,-83733,-39152,-72540,-11586,-75887,-103529,-19740,-11510,-72057,-100801,-51404
213,213,0,-125393,-83733,-39152,-72540,-11586,-75887,-103529,-19740,-11510,-72057,-100801,-51404
214,214,0,-125393,-83733,-39152,-72540,-11586,-75887,-103529,-19740,-11510,-72057,-100801,-51404
215,215,0,-125393,-83733,-39152,-72540,-11586,-75887,-103529,-19740,-11510,-72057,-100801,-51404
216,216,0,-125393,-83733,-39152,-72540,-11586,-75887,-103529,-19740,-11510,-72057,-100801,-51404
217,217,0,-125393,-83733,-39152,-72540,-11586,-75887,-103529,-19740,-11510,-72057,-100801,-51404
218,218,0,-125393,-83733,-39152,-72540,-11586,-75887,-103529,-19740,-11510,-72057,-100801,-51404
219,219,0,-125393,-83733,-39152,-72540,-11586,-75887,-103529,-19740,-11510,-72057,-100801,-51404
220,220,0,-125393,-83733,-39152,-72540,-11586,-75887,-103529,-19740,-11510,-72057,-100801,-51404
221,221,0,-125393,-83733,-39152,-72540,-11586,-75887,-103529,-19740,-11510,-72057,-100801,-51404
222,222,0,-125393,-83733,-39152,-72540,-11586,-75887,-103529,-19740,-11510,-72057,-100801,-51404
223,223,0,-125393,-83733,-39152,-72540,-11586,-75887,-103529,-19740,-11510,-72057,-100801,-51404
224,224,0,-125393,-83733,-39152,-72540,-11586,-75887,-103529,-19740,-11510,-72057,-100801,-51404
225,225,0,-125393,-83733,-39152,-72540,-11586,-75887,-103529,-19740,-11510,-72057,-100801,-51404
226,226,0,-125393,-83733,-39152,-72540,-11586,-75887,-103529,-19740,-11510,-72057,-100801,-51404
227,227,0,-125393,-83733,-39152,-72540,-11586,-75887,-103529,-19740,-11510,-72057,-100801,-51404
228,228,0,-125393,-83733,-39152,-72540,-11586,-75887,-103529,-19740,-11510,-72057,-100801,-51404
229,229,0,-125393,-83733,-39152,-72540,-11586,-75887,-103529,-19740,-11510,-72057,-100801,-51404
230,230,0,-125393,-83733,-39152,-72540,-11586,-75887,-103529,-19740,-11510,-72057,-100801,-51404
231,231,0,-125393,-83733,-39152,-72540,-11586,-75887,-103529,-19740,-11510,-72057,-100801,-51404
232,232,0,-125393,-83733,-39152,-72540,-11586,-75887,-103529,-19740,-11510,-72057,-100801,-51404
233,233,0,-125393,-83733,-39152,-72540,-11586,-75887,-103529,-19740,-11510,-72057,-100801,-51404
234,234,0,-125393,-83733,-39152,-72540,-11586,-75887,-103529,-19740,-11510,-72057,-100801,-51404
235,235,0,-125393,-83733,-39152,-72540,-11586,-75887,-103529,-19740,-11510,-72057,-100801,-51404
236,236,0,-125393,-83733,-39152,-72540,-11586,-75887,-103529,-19740,-11510,-72057,-100801,-51404
237,237,0,-125393,-83733,-39152,-72540,-11586,-75887,-103529,-19740,-11510,-72057,-100801,-51404
238,238,0,-125393,-83733,-39152,-72540,-11586,-75887,-103529,-19740,-11510,-72057,-100801,-51404
239,239,0,-125393,-83733,-39152,-72540,-11586,-75887,-103529,-19740,-11510,-72057,-100801,-51404
240,240,0,-125393,-83733,-39152,-72540,-11586,-75887,-103529,-19740,-11510,-72057,-100801,-51404
241,241,0,-125393,-83733,-39152,-72540,-11586,-75887,-103529,-19740,-11510,-72057,-100801,-51404
242,242,0,-125393,-83733,-39152,-72540,-11586,-75887,-103529,-19740,-11510,-72057,-100801,-51404
243,243,0,-125393,-83733,-39152,-72540,-11586,-75887,-103529,-19740,-11510,-72057,-100801,-51404
244,244,0,-125393,-83733,-39152,-72540,-11586,-75887,-103529,-19740,-11510,-72057,-100801,-51404
245,245,0,-125393,-83733,-39152,-72540,-11586,-75887,-103529,-19740,-11510,-72057,-100801,-51404
246,246,0,-125393,-83733,-39152,-72540,-11586,-75887,-103529,-19740,-11510,-72057,-100801,-51404
247,247,0,-125393,-83733,-39152,-72540,-11586,-75887,-103529,-19740,-11510,-72057,-100801,-51404
248,248,0,-125393,-83733,-39152,-72540,-11586,-75887,-103529,-19740,-11510,-72057,-100801,-51404
249,249,0,-125393,-83733,-39152,-72540,-11586,-75887,-103529,-19740,-11510,-72057,-100801,-51404
250,250,0,-125393,-83733,-39152,-72540,-11586,-75887,-103529,-19740,-11510,-72057,-100801,-51404
251,251,0,-125393,-83733,-39152,-72540,-11586,-75887,-103529,-19740,-11510,-72057,-100801,-51404
252,252,0,-125393,-83733,-39152,-72540,-11586,-75887,-103529,-19740,-11510,-72057,-100801,-51404
253,253,0,-125393,-83733,-39152,-72540,-11586,-75887,-103529,-19740,-11510,-72057,-100801,-51404
254,254,0,-125393,-83733,-39152,-72540,-11586,-75887,-103529,-19740,-11510,-72057,-100801,-51404
255,255,0,-125393,-83733,-39152,-72540,-11586,-75887,-103529,-19740,-11510,-72057,-100801,-51404
256,256,0,-125393,-83733,-39152,-72540,-11586,-75887,-103529,-19740,-11510,-72057,-100801,-51404
257,257,0,-125393,-83733,-39152,-72540,-11586,-75887,-103529,-19740,-11510,-72057,-100801,-51404
258,258,0,-125393,-83733,-39152,-72540,-11586,-75887,-103529,-19740,-11510,-72057,-100801,-51404
259,259,0,-125393,-83733,-39152,-72540,-11586,-75887,-103529,-19740,-11510,-72057,-100801,-51404
260,260,0,-125393,-83733,-39152,-72540,-11586,-75887,-103529,-19740,-11510,-72057,-100801,-51404
261,261,0,-125393,-83733,-39152,-72540,-11586,-75887,-103529,-19740,-11510,-72057,-100801,-51404
262,262,0,-125393,-83733,-39152,-72540,-11586,-75887,-103529,-19740,-11510,-72057,-100801,-51404
263,263,0,-125393,-83733,-39152,-72540,-11586,-75887,-103529,-19740,-11510,-72057,-100801,-51404
264,264,0,-125393,-83733,-39152,-72540,-11586,-75887,-103529,-19740,-11510,-72057,-100801,-51404
265,265,0,-125393,-83733,-39152,-72540,-11586,-75887,-103529,-19740,-11510,-72057,-100801,-51404
266,266,0,-125393,-83733,-39152,-72540,-11586,-75887,-103529,-19740,-11510,-72057,-100801,-51404
267,267,0,-125393,-83733,-39152,-72540,-11586,-75887,-103529,-19740,-11510,-72057,-100801,-51404
268,268,0,-125393,-83733,-39152,-72540,-11586,-75887,-103529,-19740,-11510,-72057,-100801,-51404
269,269,0,-125393,-83733,-39152,-72540,-11586,-75887,-103529,-19740,-11510,-72057,-100801,-51404
270,270,0,-125393,-83733,-39152,-72540,-11586,-75887,-103529,-19740,-11510,-72057,-100801,-51404
271,271,0,-125393,-83733,-39152,-72540,-11586,-75887,-103529,-19740,-11510,-72057,-100801,-51404
272,272,0,-125393,-83733,-39152,-72540,-11586,-75887,-103529,-19740,-11510,-72057,-100801,-51404
273,273,0,-125393,-83733,-39152,-72540,-11586,-75887,-103529,-19740,-11510,-72057,-100801,-51404
274,274,0,-125393,-83733,-39152,-72540,-11586,-75887,-103529,-19740,-11510,-72057,-100801,-51404
275,275,0,-125393,-83733,-39152,-72540,-11586,-75887,-103529,-19740,-11510,-72057,-100801,-51404
276,276,0,-125393,-83733,-39152,-72540,-11586,-75887,-103529,-19740,-11510,-72057,-100801,-51404
277,277,0,-125393,-83733,-39152,-72540,-11586,-75887,-103529,-19740,-11510,-72057,-100801,-51404
278,278,0,-125393,-83733,-39152,-72540,-11586,-75887,-103529,-19740,-11510,-72057,-100801,-51404
279,279,0,-125393,-83733,-39152,-72540,-11586,-75887,-103529,-19740,-11510,-72057,-100801,-51404
280,280,0,-125393,-83733,-39152,-72540,-11586,-75887,-103529,-19740,-11510,-72057,-100801,-51404
281,281,0,-125393,-83733,-39152,-72540,-11586,-75887,-103529,-19740,-11510,-72057,-100801,-51404
282,282,0,-125393,-83733,-39152,-72540,-11586,-75887,-103529,-19740,-11510,-72057,-100801,-51404
283,283,0,-125393,-83733,-39152,-72540,-11586,-75887,-103529,-19740,-11510,-72057,-100801,-51404
284,284,0,-125393,-83733,-39152,-72540,-11586,-75887,-103529,-19740,-11510,-72057,-100801,-51404
285,285,0,-125393,-83733,-39152,-72540,-11586,-75887,-103529,-19740,-11510,-72057,-100801,-51404
286,286,0,-125393,-83733,-39152,-72540,-11586,-75887,-103529,-19740,-11510,-72057,-100801,-51404
287,287,0,-125393,-83733,-39152,-72540,-11586,-75887,-103529,-19740,-11510,-72057,-100801,-51404
288,288,0,-125393,-83733,-39152,-72540,-11586,-75887,-103529,-19740,-11510,-72057,-100801,-51404
289,289,0,-125393,-83733,-39152,-72540,-11586,-75887,-103529,-19740,-11510,-72057,-100801,-51404
290,290,0,-125393,-83733,-39152,-72540,-11586,-75887,-103529,-19740,-11510,-72057,-100801,-51404
291,291,0,-125393,-83733,-39152,-72540,-11586,-75887,-103529,-19740,-11510,-72057,-100801,-51404
292,292,0,-125393,-83733,-39152,-72540,-11586,-75887,-103529,-19740,-11510,-72057,-100801,-51404
293,293,0,-125393,-83733,-39152,-72540,-11586,-75887,-103529,-19740,-11510,-72057,-100801,-51404
294,294,0,-125393,-83733,-39152,-72540,-11586,-75887,-103529,-19740,-11510,-72057,-100801,-51404
295,295,0,-125393,-83733,-39152,-72540,-11586,-75887,-103529,-19740,-11510,-72057,-100801,-51404
296,296,0,-125393,-83733,-39152,-72540,-11586,-75887,-103529,-19740,-11510,-72057,-100801,-51404
297,297,0,-125393,-83733,-39152,-72540,-11586,-75887,-103529,-19740,-11510,-72057,-100801,-51404
298,298,0,-125393,-83733,-39152,-72540,-11586,-75887,-103529,-19740,-11510,-72057,-100801,-51404
299,299,0,-125393,-83733,-39152,-72540,-11586,-75887,-103529,-19740,-11510,-72057,-100801,-51404
300,300,0,-125393,-83733,-39152,-72540,-11586,-75887,-103529,-19740,-11510,-72057,-100801,-51404
301,301,0,-125393,-83733,-39152,-72540,-11586,-75887,-103529,-19740,-11510,-72057,-100801,-51404
302,302,0,-125393,-83733,-39152,-72540,-11586,-75887,-103529,-19740,-11510,-72057,-100801,-51404
303,303,0,-125393,-83733,-39152,-72540,-11586,-75887,-103529,-19740,-11510,-72057,-100801,-51404
304,304,0,-125393,-83733,-39152,-72540,-11586,-75887,-103529,-19740,-11510,-72057,-100801,-51404
305,305,0,-125393,-83733,-39152,-72540,-11586,-75887,-103529,-19740,-11510,-72057,-100801,-51404
306,306,0,-125393,-83733,-39152,-72540,-11586,-75887,-103529,-19740,-11510,-72057,-100801,-51404
307,307,0,-125393,-83733,-39152,-72540,-11586,-75887,-103529,-19740,-11510,-72057,-100801,-51404
308,308,0,-125393,-83733,-39152,-72540,-11586,-75887,-103529,-19740,-11510,-72057,-100801,-51404
309,309,0,-125393,-83733,-39152,-72540,-11586,-75887,-103529,-19740,-11510,-72057,-100801,-51404
310,310,0,-125393,-83733,-39152,-72540,-11586,-75887,-103529,-19740,-11510,-72057,-100801,-51404
311,311,0,-125393,-83733,-39152,-72540,-11586,-75887,-103529,-19740,-11510,-72057,-100801,-51404
312,312,0,-125393,-83733,-39152,-72540,-11586,-75887,-103529,-19740,-11510,-72057,-100801,-51404
313,313,0,-125393,-83733,-39152,-72540,-11586,-75887,-103529,-19740,-11510,-72057,-100801,-51404
314,314,0,-125393,-83733,-39152,-72540,-11586,-75887,-103529,-19740,-11510,-72057,-100801,-51404
315,315,0,-125393,-83733,-39152,-72540,-11586,-75887,-103529,-19740,-11510,-72057,-100801,-51404
316,316,0,-125393,-83733,-39152,-72540,-11586,-75887,-103529,-19740,-11510,-72057,-100801,-51404
317,317,0,-125393,-83733,-39152,-72540,-11586,-75887,-103529,-19740,-11510,-72057,-100801,-51404
318,318,0,-125393,-83733,-39152,-72540,-11586,-75887,-103529,-19740,-11510,-72057,-100801,-51404
319,319,0,-125393,-83733,-39152,-72540,-11586,-75887,-103529,-19740,-11510,-72057,-100801,-51404
320,320,0,-125393,-83733,-39152,-72540,-11586,-75887,-103529,-19740,-11510,-72057,-100801,-51404
321,321,0,-125393,-83733,-39152,-72540,-11586,-75887,-103529,-19740,-11510,-72057,-100801,-51404
322,322,0,-125393,-83733,-39152,-72540,-11586,-75887,-103529,-19740,-11510,-72057,-100801,-51404
323,323,0,-125393,-83733,-39152,-72540,-11586,-75887,-103529,-19740,-11510,-72057,-100801,-51404
324,324,0,-125393,-83733,-39152,-72540,-11586,-75887,-103529,-19740,-11510,-72057,-100801,-51404
325,325,0,-125393,-83733,-39152,-72540,-11586,-75887,-103529,-19740,-11510,-72057,-100801,-51404
326,326,0,-125393,-83733,-39152,-72540,-11586,-75887,-103529,-19740,-11510,-72057,-100801,-51404
327,327,0,-125393,-83733,-39152,-72540,-11586,-75887,-103529,-19740,-11510,-72057,-100801,-51404
328,328,0,-125393,-83733,-39152,-72540,-11586,-75887,-103529,-19740,-11510,-72057,-100801,-51404
329,329,0,-125393,-83733,-39152,-72540,-11586,-75887,-103529,-19740,-11510,-72057,-100801,-51404
330,330,0,-125393,-83733,-39152,-72540,-11586,-75887,-103529,-19740,-11510,-72057,-100801,-51404
331,331,0,-125393,-83733,-39152,-72540,-11586,-75887,-103529,-19740,-11510,-72057,-100801,-51404
332,332,0,-125393,-83733,-39152,-72540,-11586,-75887,-103529,-19740,-11510,-72057,-100801,-51404
333,333,0,-125393,-83733,-39152,-72540,-11586,-75887,-103529,-19740,-11510,-72057,-100801,-51404
334,334,0,-125393,-83733,-39152,-72540,-11586,-75887,-103529,-19740,-11510,-72057,-100801,-51404
335,335,0,-125393,-83733,-39152,-72540,-11586,-75887,-103529,-19740,-11510,-72057,-100801,-51404
336,336,0,-125393,-83733,-39152,-72540,-11586,-75887,-103529,-19740,-11510,-72057,-100801,-51404
337,337,0,-125393,-83733,-39152,-72540,-11586,-75887,-103529,-19740,-11510,-72057,-100801,-51404
338,338,0,-125393,-83733,-39152,-72540,-11586,-75887,-103529,-19740,-11510,-72057,-100801,-51404
339,339,0,-125393,-83733,-39152,-72540,-11586,-75887,-103529,-19740,-11510,-72057,-100801,-51404
340,340,0,-125393,-83733,-39152,-72540,-11586,-75887,-103529,-19740,-11510,-72057,-100801,-51404
341,341,0,-125393,-83733,-39152,-72540,-11586,-75887,-103529,-19740,-11510,-72057,-100801,-51404
342,342,0,-125393,-83733,-39152,-72540,-11586,-75887,-103529,-19740,-11510,-72057,-100801,-51404
343,343,0,-125393,-83733,-39152,-72540,-11586,-75887,-103529,-19740,-11510,-72057,-100801,-51404
344,344,0,-125393,-83733,-39152,-72540,-11586,-75887,-103529,-19740,-11510,-72057,-100801,-51404
345,345,0,-125393,-83733,-39152,-72540,-11586,-75887,-103529,-19740,-11510,-72057,-100801,-51404
346,346,0,-125393,-83733,-39152,-72540,-11586,-75887,-103529,-19740,-11510,-72057,-100801,-51404
347,347,0,-125393,-83733,-39152,-72540,-11586,-75887,-103529,-19740,-11510,-72057,-100801,-51404
348,348,0,-125393,-83733,-39152,-72540,-11586,-75887,-103529,-19740,-11510,-72057,-100801,-51404
349,349,0,-125393,-83733,-39152,-72540,-11586,-75887,-103529,-19740,-11510,-72057,-100801,-51404
350,350,0,-125393,-83733,-39152,-72540,-11586,-75887,-103529,-19740,-11510,-72057,-100801,-51404
351,351,0,-125393,-83733,-39152,-72540,-11586,-75887,-103529,-19740,-11510,-72057,-100801,-51404
352,352,0,-125393,-83733,-39152,-72540,-11586,-75887,-103529,-19740,-11510,-72057,-100801,-51404
353,353,0,-125393,-83733,-39152,-72540,-11586,-75887,-103529,-19740,-11510,-72057,-100801,-51404
354,354,0,-125393,-83733,-39152,-72540,-11586,-75887,-103529,-19740,-11510,-72057,-100801,-51404
355,355,0,-125393,-83733,-39152,-72540,-11586,-75887,-103529,-19740,-11510,-72057,-100801,-51404
356,356,0,-125393,-83733,-39152,-72540,-11586,-75887,-103529,-19740,-11510,-72057,-100801,-51404
357,357,0,-125393,-83733,-39152,-72540,-11586,-75887,-103529,-19740,-11510,-72057,-100801,-51404
358,358,0,-125393,-83733,-39152,-72540,-11586,-75887,-103529,-19740,-11510,-72057,-100801,-51404
359,359,0,-125393,-83733,-39152,-72540,-11586,-75887,-103529,-19740,-11510,-72057,-100801,-51404
360,360,0,-125393,-83733,-39152,-72540,-11586,-75887,-103529,-19740,-11510,-72057,-100801,-51404
361,361,0,-125393,-83733,-39152,-72540,-11586,-75887,-103529,-19740,-11510,-72057,-100801,-51404
362,362,0,-125393,-83733,-39152,-72540,-11586,-75887,-103529,-19740,-11510,-72057,-100801,-51404
363,363,0,-125393,-83733,-39152,-72540,-11586,-75887,-103529,-19740,-11510,-72057,-100801,-51404
364,364,0,-125393,-83733,-39152,-72540,-11586,-75887,-103529,-19740,-11510,-72057,-100801,-51404
365,365,0,-125393,-83733,-39152,-72540,-11586,-75887,-103529,-19740,-11510,-72057,-100801,-51404
366,366,0,-125393,-83733,-39152,-72540,-11586,-75887,-103529,-19740,-11510,-72057,-100801,-51404
367,367,0,-125393,-83733,-39152,-72540,-11586,-75887,-103529,-19740,-11510,-72057,-100801,-51404
368,368,0,-125393,-83733,-39152,-72540,-11586,-75887,-103529,-19740,-11510,-72057,-100801,-51404
369,369,0,-125393,-83733,-39152,-72540,-11586,-75887,-103529,-19740,-11510,-72057,-100801,-51404
370,370,0,-125393,-83733,-39152,-72540,-11586,-75887,-103529,-19740,-11510,-72057,-100801,-51404
371,371,0,-125393,-83733,-39152,-72540,-11586,-75887,-103529,-19740,-11510,-72057,-100801,-51404
372,372,0,-125393,-83733,-39152,-72540,-11586,-75887,-103529,-19740,-11510,-72057,-100801,-51404
373,373,0,-125393,-83733,-39152,-72540,-11586,-75887,-103529,-19740,-11510,-72057,-100801,-51404
374,374,0,-125393,-83733,-39152,-72540,-11586,-75887,-103529,-19740,-11510,-72057,-100801,-51404
375,375,0,-125393,-83733,-39152,-72540,-11586,-75887,-103529,-19740,-11510,-72057,-100801,-51404
376,376,0,-125393,-83733,-39152,-72540,-11586,-75887,-103529,-19740,-11510,-72057,-100801,-51404
377,377,0,-125393,-83733,-39152,-72540,-11586,-75887,-103529,-19740,-11510,-72057,-100801,-51404
378,378,0,-125393,-83733,-39152,-72540,-11586,-75887,-103529,-19740,-11510,-72057,-100801,-51404
379,379,0,-125393,-83733,-39152,-72540,-11586,-75887,-103529,-19740,-11510,-72057,-100801,-51404
380,380,0,-125393,-83733,-39152,-72540,-11586,-75887,-103529,-19740,-11510,-72057,-100801,-51404
381,381,0,-125393,-83733,-39152,-72540,-11586,-75887,-103529,-19740,-11510,-72057,-100801,-51404
382,382,0,-125393,-83733,-39152,-72540,-11586,-75887,-103529,-19740,-11510,-72057,-100801,-51404
383,383,0,-125393,-83733,-39152,-72540,-11586,-75887,-103529,-19740,-11510,-72057,-100801,-51404
384,384,0,-125393,-83733,-39152,-72540,-11586,-75887,-103529,-19740,-11510,-72057,-100801,-51404
385,385,0,-125393,-83733,-39152,-72540,-11586,-75887,-103529,-19740,-11510,-72057,-100801,-51404
386,386,0,-125393,-83733,-39152,-72540,-11586,-75887,-103529,-19740,-11510,-72057,-100801,-51404
387,387,0,-125393,-83733,-39152,-72540,-11586,-75887,-103529,-19740,-11510,-72057,-100801,-51404
388,388,0,-125393,-83733,-39152,-72540,-11586,-75887,-103529,-19740,-11510,-72057,-100801,-51404
389,389,0,-125393,-83733,-39152,-72540,-11586,-75887,-103529,-19740,-11510,-72057,-100801,-51404
390,390,0,-125393,-83733,-39152,-72540,-11586,-75887,-103529,-19740,-11510,-72057,-100801,-51404
391,391,0,-125393,-83733,-39152,-72540,-11586,-75887,-103529,-19740,-11510,-72057,-100801,-51404
392,392,0,-125393,-83733,-39152,-72540,-11586,-75887,-103529,-19740,-11510,-72057,-100801,-51404
393,393,0,-125393,-83733,-39152,-72540,-11586,-75887,-103529,-19740,-11510,-72057,-100801,-51404
394,394,0,-125393,-83733,-39152,-72540,-11586,-75887,-103529,-19740,-11510,-72057,-100801,-51404
395,395,0,-125393,-83733,-39152,-72540,-11586,-75887,-103529,-19740,-11510,-72057,-100801,-51404
396,396,0,-125393,-83733,-39152,-72540,-11586,-75887,-103529,-19740,-11510,-72057,-100801,-51404
397,397,0,-125393,-83733,-39152,-72540,-11586,-75887,-103529,-19740,-11510,-72057,-100801,-51404
398,398,0,-125393,-83733,-39152,-72540,-11586,-75887,-103529,-19740,-11510,-72057,-100801,-51404
399,399,0,-125393,-83733,-39152,-72540,-11586,-75887,-103529,-19740,-11510,-72057,-100801,-51404
400,400,0,-125393,-83733,-39152,-72540,-11586,-75887,-103529,-19740,-11510,-72057,-100801,-51404
401,401,0,-125393,-83733,-39152,-72540,-11586,-75887,-103529,-19740,-11510,-72057,-100801,-51404
402,402,0,-125393,-83733,-39152,-72540,-11586,-75887,-103529,-19740,-11510,-72057,-100801,-51404
403,403,0,-125393,-83733,-39152,-72540,-11586,-75887,-103529,-19740,-11510,-72057,-100801,-51404
404,404,0,-125393,-83733,-39152,-72540,-11586,-75887,-103529,-19740,-11510,-72057,-100801,-51404
405,405,0,-125393,-83733,-39152,-72540,-11586,-75887,-103529,-19740,-11510,-72057,-100801,-51404
406,406,0,-125393,-83733,-39152,-72540,-11586,-75887,-103529,-19740,-11510,-72057,-100801,-51404
407,407,0,-125393,-83733,-39152,-72540,-11586,-75887,-103529,-19740,-11510,-72057,-100801,-51404
408,408,0,-125393,-83733,-39152,-72540,-11586,-75887,-103529,-19740,-11510,-72057,-100801,-51404
409,409,0,-125393,-83733,-39152,-72540,-11586,-75887,-103529,-19740,-11510,-72057,-100801,-51404
410,410,0,-125393,-83733,-39152,-72540,-11586,-75887,-103529,-19740,-11510,-72057,-100801,-51404
411,411,0,-125393,-83733,-39152,-72540,-11586,-75887,-103529,-19740,-11510,-72057,-100801,-51404
412,412,0,-125393,-83733,-39152,-72540,-11586,-75887,-103529,-19740,-11510,-72057,-100801,-51404
413,413,0,-125393,-83733,-39152,-72540,-11586,-75887,-103529,-19740,-11510,-72057,-100801,-51404
414,414,0,-125393,-83733,-39152,-72540,-11586,-75887,-103529,-19740,-11510,-72057,-100801,-51404
415,415,0,-125393,-83733,-39152,-72540,-11586,-75887,-103529,-19740,-11510,-72057,-100801,-51404
416,416,0,-125393,-83733,-39152,-72540,-11586,-75887,-103529,-19740,-11510,-72057,-100801,-51404
417,417,0,-125393,-83733,-39152,-72540,-11586,-75887,-103529,-19740,-11510,-72057,-100801,-51404
418,418,0,-125393,-83733,-39152,-72540,-11586,-75887,-103529,-19740,-11510,-72057,-100801,-51404
419,419,0,-125393,-83733,-39152,-72540,-11586,-75887,-103529,-19740,-11510,-72057,-100801,-51404
420,420,0,-125393,-83733,-39152,-72540,-11586,-75887,-103529,-19740,-11510,-72057,-100801,-51404
421,421,0,-125393,-83733,-39152,-72540,-11586,-75887,-103529,-19740,-11510,-72057,-100801,-51404
422,422,0,-125393,-83733,-39152,-72540,-11586,-75887,-103529,-19740,-11510,-72057,-100801,-51404
423,423,0,-125393,-83733,-39152,-72540,-11586,-75887,-103529,-19740,-11510,-72057,-100801,-51404
424,424,0,-125393,-83733,-39152,-72540,-11586,-75887,-103529,-19740,-11510,-72057,-100801,-51404
425,425,0,-125393,-83733,-39152,-72540,-11586,-75887,-103529,-19740,-11510,-72057,-100801,-51404
426,426,0,-125393,-83733,-39152,-72540,-11586,-75887,-103529,-19740,-11510,-72057,-100801,-51404
427,427,0,-125393,-83733,-39152,-72540,-11586,-75887,-103529,-19740,-11510,-72057,-100801,-51404
428,428,0,-125393,-83733,-39152,-72540,-11586,-75887,-103529,-19740,-11510,-72057,-100801,-51404
429,429,0,-125393,-83733,-39152,-72540,-11586,-75887,-103529,-19740,-11510,-72057,-100801,-51404
430,430,0,-125393,-83733,-39152,-72540,-11586,-75887,-103529,-19740,-11510,-72057,-100801,-51404
431,431,0,-125393,-83733,-39152,-72540,-11586,-75887,-103529,-19740,-11510,-72057,-100801,-51404
432,432,0,-125393,-83733,-39152,-72540,-11586,-75887,-103529,-19740,-11510,-72057,-100801,-51404
433,433,0,-125393,-83733,-39152,-72540,-11586,-75887,-103529,-19740,-11510,-72057,-100801,-51404
434,434,0,-125393,-83733,-39152,-72540,-11586,-75887,-103529,-19740,-11510,-72057,-100801,-51404
435,435,0,-125393,-83733,-39152,-72540,-11586,-75887,-103529,-19740,-11510,-72057,-100801,-51404
436,436,0,-125393,-83733,-39152,-72540,-11586,-75887,-103529,-19740,-11510,-72057,-100801,-51404
437,437,0,-125393,-83733,-39152,-72540,-11586,-75887,-103529,-19740,-11510,-72057,-100801,-51404
438,438,0,-125393,-83733,-39152,-72540,-11586,-75887,-103529,-19740,-11510,-72057,-100801,-51404
439,439,0,-125393,-83733,-39152,-72540,-11586,-75887,-103529,-19740,-11510,-72057,-100801,-51404
440,440,0,-125393,-83733,-39152,-72540,-11586,-75887,-103529,-19740,-11510,-72057,-100801,-51404
441,441,0,-125393,-83733,-39152,-72540,-11586,-75887,-103529,-19740,-11510,-72057,-100801,-51404
442,442,0,-125393,-83733,-39152,-72540,-11586,-75887,-103529,-19740,-11510,-72057,-100801,-51404
443,443,0,-125393,-83733,-39152,-72540,-11586,-75887,-103529,-19740,-11510,-72057,-100801,-51404
444,444,0,-125393,-83733,-39152,-72540,-11586,-75887,-103529,-19740,-11510,-72057,-100801,-51404
445,445,0,-125393,-83733,-39152,-72540,-11586,-75887,-103529,-19740,-11510,-72057,-100801,-51404
446,446,0,-125393,-83733,-39152,-72540,-11586,-75887,-103529,-19740,-11510,-72057,-100801,-51404
447,447,0,-125393,-83733,-39152,-72540,-11586,-75887,-103529,-19740,-11510,-72057,-100801,-51404
448,448,0,-125393,-83733,-39152,-72540,-11586,-75887,-103529,-19740,-11510,-72057,-100801,-51404
449,449,0,-125393,-83733,-39152,-72540,-11586,-75887,-103529,-19740,-11510,-72057,-100801,-51404
450,450,0,-125393,-83733,-39152,-72540,-11586,-75887,-103529,-19740,-11510,-72057,-100801,-51404
451,451,0,-125393,-83733,-39152,-72540,-11586,-75887,-103529,-19740,-11510,-72057,-100801,-51404
452,452,0,-125393,-83733,-39152,-72540,-11586,-75887,-103529,-19740,-11510,-72057,-100801,-51404
453,453,0,-125393,-83733,-39152,-72540,-11586,-75887,-103529,-19740,-11510,-72057,-100801,-51404
454,454,0,-125393,-83733,-39152,-72540,-11586,-75887,-103529,-19740,-11510,-72057,-100801,-51404
455,455,0,-125393,-83733,-39152,-72540,-11586,-75887,-103529,-19740,-11510,-72057,-100801,-51404
456,456,0,-125393,-83733,-39152,-72540,-11586,-75887,-103529,-19740,-11510,-72057,-100801,-51404
457,457,0,-125393,-83733,-39152,-72540,-11586,-75887,-103529,-19740,-11510,-72057,-100801,-51404
458,458,0,-125393,-83733,-39152,-72540,-11586,-75887,-103529,-19740,-11510,-72057,-100801,-51404
459,459,0,-125393,-83733,-39152,-72540,-11586,-75887,-103529,-19740,-11510,-72057,-100801,-51404
460,460,0,-125393,-83733,-39152,-72540,-11586,-75887,-103529,-19740,-11510,-72057,-100801,-51404
461,461,0,-125393,-83733,-39152,-72540,-11586,-75887,-103529,-19740,-11510,-72057,-100801,-51404
462,462,0,-125393,-83733,-39152,-72540,-11586,-75887,-103529,-19740,-11510,-72057,-100801,-51404
463,463,0,-125393,-83733,-39152,-72540,-11586,-75887,-103529,-19740,-11510,-72057,-100801,-51404
464,464,0,-125393,-83733,-39152,-72540,-11586,-75887,-103529,-19740,-11510,-72057,-100801,-51404
465,465,0,-125393,-83733,-39152,-72540,-11586,-75887,-103529,-19740,-11510,-72057,-100801,-51404
466,466,0,-125393,-83733,-39152,-72540,-11586,-75887,-103529,-19740,-11510,-72057,-100801,-51404
467,467,0,-125393,-83733,-39152,-72540,-11586,-75887,-103529,-19740,-11510,-72057,-100801,-51404
468,468,0,-125393,-83733,-39152,-72540,-11586,-75887,-103529,-19740,-11510,-72057,-100801,-51404
469,469,0,-125393,-83733,-39152,-72540,-11586,-75887,-103529,-19740,-11510,-72057,-100801,-51404
470,470,0,-125393,-83733,-39152,-72540,-11586,-75887,-103529,-19740,-11510,-72057,-100801,-51404
471,471,0,-125393,-83733,-39152,-72540,-11586,-75887,-103529,-19740,-11510,-72057,-100801,-51404
472,472,0,-125393,-83733,-39152,-72540,-11586,-75887,-103529,-19740,-11510,-72057,-100801,-51404
473,473,0,-125393,-83733,-39152,-72540,-11586,-75887,-103529,-19740,-11510,-72057,-100801,-51404
474,474,0,-125393,-83733,-39152,-72540,-11586,-75887,-103529,-19740,-11510,-72057,-100801,-51404
475,475,0,-125393,-83733,-39152,-72540,-11586,-75887,-103529,-19740,-11510,-72057,-100801,-51404
476,476,0,-125393,-83733,-39152,-72540,-11586,-75887,-103529,-19740,-11510,-72057,-100801,-51404
477,477,0,-125393,-83733,-39152,-72540,-11586,-75887,-103529,-19740,-11510,-72057,-100801,-51404
478,478,0,-125393,-83733,-39152,-72540,-11586,-75887,-103529,-19740,-11510,-72057,-100801,-51404
479,479,0,-125393,-83733,-39152,-72540,-11586,-75887,-103529,-19740,-11510,-72057,-100801,-51404
480,480,0,-125393,-83733,-39152,-72540,-11586,-75887,-103529,-19740,-11510,-72057,-100801,-51404
481,481,0,-125393,-83733,-39152,-72540,-11586,-75887,-103529,-19740,-11510,-72057,-100801,-51404
482,482,0,-125393,-83733,-39152,-72540,-11586,-75887,-103529,-19740,-11510,-72057,-100801,-51404
483,483,0,-125393,-83733,-39152,-72540,-11586,-75887,-103529,-19740,-11510,-72057,-100801,-51404
484,484,0,-125393,-83733,-39152,-72540,-11586,-75887,-103529,-19740,-11510,-72057,-100801,-51404
485,485,0,-125393,-83733,-39152,-72540,-11586,-75887,-103529,-19740,-11510,-72057,-100801,-51404
486,486,0,-125393,-83733,-39152,-72540,-11586,-75887,-103529,-19740,-11510,-72057,-100801,-51404
487,487,0,-125393,-83733,-39152,-72540,-11586,-75887,-103529,-19740,-11510,-72057,-100801,-51404
488,488,0,-125393,-83733,-39152,-72540,-11586,-75887,-103529,-19740,-11510,-72057,-100801,-51404
489,489,0,-125393,-83733,-39152,-72540,-11586,-75887,-103529,-19740,-11510,-72057,-100801,-51404
490,490,0,-125393,-83733,-39152,-72540,-11586,-75887,-103529,-19740,-11510,-72057,-100801,-51404
491,491,0,-125393,-83733,-39152,-72540,-11586,-75887,-103529,-19740,-11510,-72057,-100801,-51404
492,492,0,-125393,-83733,-39152,-72540,-11586,-75887,-103529,-19740,-11510,-72057,-100801,-51404
493,493,0,-125393,-83733,-39152,-72540,-11586,-75887,-103529,-19740,-11510,-72057,-100801,-51404
494,494,0,-125393,-83733,-39152,-72540,-11586,-75887,-103529,-19740,-11510,-72057,-100801,-51404
495,495,0,-125393,-83733,-39152,-72540,-11586,-75887,-103529,-19740,-11510,-72057,-100801,-51404
496,496,0,-125393,-83733,-39152,-72540,-11586,-75887,-103529,-19740,-11510,-72057,-100801,-51404
497,497,0,-125393,-83733,-39152,-72540,-11586,-75887,-103529,-19740,-11510,-72057,-100801,-51404
498,498,0,-125393,-83733,-39152,-72540,-11586,-75887,-103529,-19740,-11510,-72057,-100801,-51404
499,499,0,-125393,-83733,-39152,-72540,-11586,-75887,-103529,-19740,-11510,-72057,-100801,-51404
500,500,0,-125393,-83733,-39152,-72540,-11586,-75887,-103529,-19740,-11510,-72057,-100801,-51404
501,501,0,-125393,-83733,-39152,-72540,-11586,-75887,-103529,-19740,-11510,-72057,-100801,-51404
502,502,0,-125393,-83733,-39152,-72540,-11586,-75887,-103529,-19740,-11510,-72057,-100801,-51404
503,503,0,-125393,-83733,-39152,-72540,-11586,-75887,-103529,-19740,-11510,-72057,-100801,-51404
504,504,0,-125393,-83733,-39152,-72540,-11586,-75887,-103529,-19740,-11510,-72057,-100801,-51404
505,505,0,-125393,-83733,-39152,-72540,-11586,-75887,-103529,-19740,-11510,-72057,-100801,-51404
506,506,0,-125393,-83733,-39152,-72540,-11586,-75887,-103529,-19740,-11510,-72057,-100801,-51404
507,507,0,-125393,-83733,-39152,-72540,-11586,-75887,-103529,-19740,-11510,-72057,-100801,-51404
508,508,0,-125393,-83733,-39152,-72540,-11586,-75887,-103529,-19740,-11510,-72057,-100801,-51404
509,509,0,-125393,-83733,-39152,-72540,-11586,-75887,-103529,-19740,-11510,-72057,-100801,-51404
510,510,0,-125393,-83733,-39152,-72540,-11586,-75887,-103529,-19740,-11510,-72057,-100801,-51404
511,511,0,-125393,-83733,-39152,-72540,-11586,-75887,-103529,-19740,-11510,-72057,-100801,-51404
512,512,1,-125393,-83733,-39152,-72540,-11586,-75887,-103529,-19740,-11510,-72057,-100801,-51404
513,513,0,-125393,-83733,-39152,-72540,-11586,-75887,-103529,-19740,-11510,-72057,-100801,-51404
514,514,0,-125393,-83733,-39152,-72540,-11586,-75887,-103529,-19740,-11510,-72057,-100801,-51404
515,515,0,-125393,-83733,-39152,-72540,-11586,-75887,-103529,-19740,-11510,-72057,-100801,-51404
516,516,0,-125393,-83733,-39152,-72540,-11586,-75887,-103529,-19740,-11510,-72057,-100801,-51404
517,517,0,-125393,-83733,-39152,-72540,-11586,-75887,-103529,-19740,-11510,-72057,-100801,-51404
518,518,0,-125393,-83733,-39152,-72540,-11586,-75887,-103529,-19740,-11510,-72057,-100801,-51404
519,519,0,-125393,-83733,-39152,-72540,-11586,-75887,-103529,-19740,-11510,-72057,-100801,-51404
520,520,0,-125393,-83733,-39152,-72540,-11586,-75887,-103529,-19740,-11510,-72057,-100801,-51404
521,521,0,-125393,-83733,-39152,-72540,-11586,-75887,-103529,-19740,-11510,-72057,-100801,-51404
522,522,0,-125393,-83733,-39152,-72540,-11586,-75887,-103529,-19740,-11510,-72057,-100801,-51404
523,523,0,-125393,-83733,-39152,-72540,-11586,-75887,-103529,-19740,-11510,-72057,-100801,-51404
524,524,0,-125393,-83733,-39152,-72540,-11586,-75887,-103529,-19740,-11510,-72057,-100801,-51404
525,525,0,-125393,-83733,-39152,-72540,-11586,-75887,-103529,-19740,-11510,-72057,-100801,-51404
526,526,0,-125393,-83733,-39152,-72540,-11586,-75887,-103529,-19740,-11510,-72057,-100801,-51404
527,527,0,-125393,-83733,-39152,-72540,-11586,-75887,-103529,-19740,-11510,-72057,-100801,-51404
528,528,0,-125393,-83733,-39152,-72540,-11586,-75887,-103529,-19740,-11510,-72057,-100801,-51404
529,529,0,-125393,-83733,-39152,-72540,-11586,-75887,-103529,-19740,-11510,-72057,-100801,-51404
530,530,0,-125393,-83733,-39152,-72540,-11586,-75887,-103529,-19740,-11510,-72057,-100801,-51404
531,531,0,-125393,-83733,-39152,-72540,-11586,-75887,-103529,-19740,-11510,-72057,-100801,-51404
532,532,0,-125393,-83733,-39152,-72540,-11586,-75887,-103529,-19740,-11510,-72057,-100801,-51404
533,533,0,-125393,-83733,-39152,-72540,-11586,-75887,-103529,-19740,-11510,-72057,-100801,-51404
534,534,0,-125393,-83733,-39152,-72540,-11586,-75887,-103529,-19740,-11510,-72057,-100801,-51404
535,535,0,-125393,-83733,-39152,-72540,-11586,-75887,-103529,-19740,-11510,-72057,-100801,-51404
536,536,0,-125393,-83733,-39152,-72540,-11586,-75887,-103529,-19740,-11510,-72057,-100801,-51404
537,537,0,-125393,-83733,-39152,-72540,-11586,-75887,-103529,-19740,-11510,-72057,-100801,-51404
538,538,0,-125393,-83733,-39152,-72540,-11586,-75887,-103529,-19740,-11510,-72057,-100801,-51404
539,539,0,-125393,-83733,-39152,-72540,-11586,-75887,-103529,-19740,-11510,-72057,-100801,-51404
540,540,0,-125393,-83733,-39152,-72540,-11586,-75887,-103529,-19740,-11510,-72057,-100801,-51404
541,541,0,-125393,-83733,-39152,-72540,-11586,-75887,-103529,-19740,-11510,-72057,-100801,-51404
542,542,0,-125393,-83733,-39152,-72540,-11586,-75887,-103529,-19740,-11510,-72057,-100801,-51404
543,543,0,-125393,-83733,-39152,-72540,-11586,-75887,-103529,-19740,-11510,-72057,-100801,-51404
544,544,0,-125393,-83733,-39152,-72540,-11586,-75887,-103529,-19740,-11510,-72057,-100801,-51404
545,545,0,-125393,-83733,-39152,-72540,-11586,-75887,-103529,-19740,-11510,-72057,-100801,-51404
546,546,0,-125393,-83733,-39152,-72540,-11586,-75887,-103529,-19740,-11510,-72057,-100801,-51404
547,547,0,-125393,-83733,-39152,-72540,-11586,-75887,-103529,-19740,-11510,-72057,-100801,-51404
548,548,0,-125393,-83733,-39152,-72540,-11586,-75887,-103529,-19740,-11510,-72057,-100801,-51404
549,549,0,-125393,-83733,-39152,-72540,-11586,-75887,-103529,-19740,-11510,-72057,-100801,-51404
550,550,0,-125393,-83733,-39152,-72540,-11586,-75887,-103529,-19740,-11510,-72057,-100801,-51404
551,551,0,-125393,-83733,-39152,-72540,-11586,-75887,-103529,-19740,-11510,-72057,-100801,-51404
552,552,0,-125393,-83733,-39152,-72540,-11586,-75887,-103529,-19740,-11510,-72057,-100801,-51404
553,553,0,-125393,-83733,-39152,-72540,-11586,-75887,-103529,-19740,-11510,-72057,-100801,-51404
554,554,0,-125393,-83733,-39152,-72540,-11586,-75887,-103529,-19740,-11510,-72057,-100801,-51404
555,555,0,-125393,-83733,-39152,-72540,-11586,-75887,-103529,-19740,-11510,-72057,-100801,-51404
556,556,0,-125393,-83733,-39152,-72540,-11586,-75887,-103529,-19740,-11510,-72057,-100801,-51404
557,557,0,-125393,-83733,-39152,-72540,-11586,-75887,-103529,-19740,-11510,-72057,-100801,-51404
558,558,0,-125393,-83733,-39152,-72540,-11586,-75887,-103529,-19740,-11510,-72057,-100801,-51404
559,559,0,-125393,-83733,-39152,-72540,-11586,-75887,-103529,-19740,-11510,-72057,-100801,-51404
560,560,0,-125393,-83733,-39152,-72540,-11586,-75887,-103529,-19740,-11510,-72057,-100801,-51404
561,561,0,-125393,-83733,-39152,-72540,-11586,-75887,-103529,-19740,-11510,-72057,-100801,-51404
562,562,0,-125393,-83733,-39152,-72540,-11586,-75887,-103529,-19740,-11510,-72057,-100801,-51404
563,563,0,-125393,-83733,-39152,-72540,-11586,-75887,-103529,-19740,-11510,-72057,-100801,-51404
564,564,0,-125393,-83733,-39152,-72540,-11586,-75887,-103529,-19740,-11510,-72057,-100801,-51404
565,565,0,-125393,-83733,-39152,-72540,-11586,-75887,-103529,-19740,-11510,-72057,-100801,-51404
566,566,0,-125393,-83733,-39152,-72540,-11586,-75887,-103529,-19740,-11510,-72057,-100801,-51404
567,567,0,-125393,-83733,-39152,-72540,-11586,-75887,-103529,-19740,-11510,-72057,-100801,-51404
568,568,0,-125393,-83733,-39152,-72540,-11586,-75887,-103529,-19740,-11510,-72057,-100801,-51404
569,569,0,-125393,-83733,-39152,-72540,-11586,-75887,-103529,-19740,-11510,-72057,-100801,-51404
570,570,0,-125393,-83733,-39152,-72540,-11586,-75887,-103529,-19740,-11510,-72057,-100801,-51404
571,571,0,-125393,-83733,-39152,-72540,-11586,-75887,-103529,-19740,-11510,-72057,-100801,-51404
572,572,0,-125393,-83733,-39152,-72540,-11586,-75887,-103529,-19740,-11510,-72057,-100801,-51404
573,573,0,-125393,-83733,-39152,-72540,-11586,-75887,-103529,-19740,-11510,-72057,-100801,-51404
574,574,0,-125393,-83733,-39152,-72540,-11586,-75887,-103529,-19740,-11510,-72057,-100801,-51404
575,575,0,-125393,-83733,-39152,-72540,-11586,-75887,-103529,-19740,-11510,-72057,-100801,-51404
576,576,0,-125393,-83733,-39152,-72540,-11586,-75887,-103529,-19740,-11510,-72057,-100801,-51404
577,577,0,-125393,-83733,-39152,-72540,-11586,-75887,-103529,-19740,-11510,-72057,-100801,-51404
578,578,0,-125393,-83733,-39152,-72540,-11586,-75887,-103529,-19740,-11510,-72057,-100801,-51404
579,579,0,-125393,-83733,-39152,-72540,-11586,-75887,-103529,-19740,-11510,-72057,-100801,-51404
580,580,0,-125393,-83733,-39152,-72540,-11586,-75887,-103529,-19740,-11510,-72057,-100801,-51404
581,581,0,-125393,-83733,-39152,-72540,-11586,-75887,-103529,-19740,-11510,-72057,-100801,-51404
582,582,0,-125393,-83733,-39152,-72540,-11586,-75887,-103529,-19740,-11510,-72057,-100801,-51404
583,583,0,-125393,-83733,-39152,-72540,-11586,-75887,-103529,-19740,-11510,-72057,-100801,-51404
584,584,0,-125393,-83733,-39152,-72540,-11586,-75887,-103529,-19740,-11510,-72057,-100801,-51404
585,585,0,-125393,-83733,-39152,-72540,-11586,-75887,-103529,-19740,-11510,-72057,-100801,-51404
586,586,0,-125393,-83733,-39152,-72540,-11586,-75887,-103529,-19740,-11510,-72057,-100801,-51404
587,587,0,-125393,-83733,-39152,-72540,-11586,-75887,-103529,-19740,-11510,-72057,-100801,-51404
588,588,0,-125393,-83733,-39152,-72540,-11586,-75887,-103529,-19740,-11510,-72057,-100801,-51404
589,589,0,-125393,-83733,-39152,-72540,-11586,-75887,-103529,-19740,-11510,-72057,-100801,-51404
590,590,0,-125393,-83733,-39152,-72540,-11586,-75887,-103529,-19740,-11510,-72057,-100801,-51404
591,591,0,-125393,-83733,-39152,-72540,-11586,-75887,-103529,-19740,-11510,-72057,-100801,-51404
592,592,0,-125393,-83733,-39152,-72540,-11586,-75887,-103529,-19740,-11510,-72057,-100801,-51404
593,593,0,-125393,-83733,-39152,-72540,-11586,-75887,-103529,-19740,-11510,-72057,-100801,-51404
594,594,0,-125393,-83733,-39152,-72540,-11586,-75887,-103529,-19740,-11510,-72057,-100801,-51404
595,595,0,-125393,-83733,-39152,-72540,-11586,-75887,-103529,-19740,-11510,-72057,-100801,-51404
596,596,0,-125393,-83733,-39152,-72540,-11586,-75887,-103529,-19740,-11510,-72057,-100801,-51404
597,597,0,-125393,-83733,-39152,-72540,-11586,-75887,-103529,-19740,-11510,-72057,-100801,-51404
598,598,0,-125393,-83733,-39152,-72540,-11586,-75887,-103529,-19740,-11510,-72057,-100801,-51404
599,599,0,-125393,-83733,-39152,-72540,-11586,-75887,-103529,-19740,-11510,-72057,-100801,-51404
600,600,0,-125393,-83733,-39152,-72540,-11586,-75887,-103529,-19740,-11510,-72057,-100801,-51404
601,601,0,-125393,-83733,-39152,-72540,-11586,-75887,-103529,-19740,-11510,-72057,-100801,-51404
602,602,0,-125393,-83733,-39152,-72540,-11586,-75887,-103529,-19740,-11510,-72057,-100801,-51404
603,603,0,-125393,-83733,-39152,-72540,-11586,-75887,-103529,-19740,-11510,-72057,-100801,-51404
604,604,0,-125393,-83733,-39152,-72540,-11586,-75887,-103529,-19740,-11510,-72057,-100801,-51404
605,605,0,-125393,-83733,-39152,-72540,-11586,-75887,-103529,-19740,-11510,-72057,-100801,-51404
606,606,0,-125393,-83733,-39152,-72540,-11586,-75887,-103529,-19740,-11510,-72057,-100801,-51404
607,607,0,-125393,-83733,-39152,-72540,-11586,-75887,-103529,-19740,-11510,-72057,-100801,-51404
608,608,0,-125393,-83733,-39152,-72540,-11586,-75887,-103529,-19740,-11510,-72057,-100801,-51404
609,609,0,-125393,-83733,-39152,-72540,-11586,-75887,-103529,-19740,-11510,-72057,-100801,-51404
610,610,0,-125393,-83733,-39152,-72540,-11586,-75887,-103529,-19740,-11510,-72057,-100801,-51404
611,611,0,-125393,-83733,-39152,-72540,-11586,-75887,-103529,-19740,-11510,-72057,-100801,-51404
612,612,0,-125393,-83733,-39152,-72540,-11586,-75887,-103529,-19740,-11510,-72057,-100801,-51404
613,613,0,-125393,-83733,-39152,-72540,-11586,-75887,-103529,-19740,-11510,-72057,-100801,-51404
614,614,0,-125393,-83733,-39152,-72540,-11586,-75887,-103529,-19740,-11510,-72057,-100801,-51404
615,615,0,-125393,-83733,-39152,-72540,-11586,-75887,-103529,-19740,-11510,-72057,-100801,-51404
616,616,0,-125393,-83733,-39152,-72540,-11586,-75887,-103529,-19740,-11510,-72057,-100801,-51404
617,617,0,-125393,-83733,-39152,-72540,-11586,-75887,-103529,-19740,-11510,-72057,-100801,-51404
618,618,0,-125393,-83733,-39152,-72540,-11586,-75887,-103529,-19740,-11510,-72057,-100801,-51404
619,619,0,-125393,-83733,-39152,-72540,-11586,-75887,-103529,-19740,-11510,-72057,-100801,-51404
620,620,0,-125393,-83733,-39152,-72540,-11586,-75887,-103529,-19740,-11510,-72057,-100801,-51404
621,621,0,-125393,-83733,-39152,-72540,-11586,-75887,-103529,-19740,-11510,-72057,-100801,-51404
622,622,0,-125393,-83733,-39152,-72540,-11586,-75887,-103529,-19740,-11510,-72057,-100801,-51404
623,623,0,-125393,-83733,-39152,-72540,-11586,-75887,-103529,-19740,-11510,-72057,-100801,-51404
624,624,0,-125393,-83733,-39152,-72540,-11586,-75887,-103529,-19740,-11510,-72057,-100801,-51404
625,625,0,-125393,-83733,-39152,-72540,-11586,-75887,-103529,-19740,-11510,-72057,-100801,-51404
626,626,0,-125393,-83733,-39152,-72540,-11586,-75887,-103529,-19740,-11510,-72057,-100801,-51404
627,627,0,-125393,-83733,-39152,-72540,-11586,-75887,-103529,-19740,-11510,-72057,-100801,-51404
628,628,0,-125393,-83733,-39152,-72540,-11586,-75887,-103529,-19740,-11510,-72057,-100801,-51404
629,629,0,-125393,-83733,-39152,-72540,-11586,-75887,-103529,-19740,-11510,-72057,-100801,-51404
630,630,0,-125393,-83733,-39152,-72540,-11586,-75887,-103529,-19740,-11510,-72057,-100801,-51404
631,631,0,-125393,-83733,-39152,-72540,-11586,-75887,-103529,-19740,-11510,-72057,-100801,-51404
632,632,0,-125393,-83733,-39152,-72540,-11586,-75887,-103529,-19740,-11510,-72057,-100801,-51404
633,633,0,-125393,-83733,-39152,-72540,-11586,-75887,-103529,-19740,-11510,-72057,-100801,-51404
634,634,0,-125393,-83733,-39152,-72540,-11586,-75887,-103529,-19740,-11510,-72057,-100801,-51404
635,635,0,-125393,-83733,-39152,-72540,-11586,-75887,-103529,-19740,-11510,-72057,-100801,-51404
636,636,0,-125393,-83733,-39152,-72540,-11586,-75887,-103529,-19740,-11510,-72057,-100801,-51404
637,637,0,-125393,-83733,-39152,-72540,-11586,-75887,-103529,-19740,-11510,-72057,-100801,-51404
638,638,0,-125393,-83733,-39152,-72540,-11586,-75887,-103529,-19740,-11510,-72057,-100801,-51404
639,639,0,-125393,-83733,-39152,-72540,-11586,-75887,-103529,-19740,-11510,-72057,-100801,-51404
640,640,0,-125393,-83733,-39152,-72540,-11586,-75887,-103529,-19740,-11510,-72057,-100801,-51404
641,641,0,-125393,-83733,-39152,-72540,-11586,-75887,-103529,-19740,-11510,-72057,-100801,-51404
642,642,0,-125393,-83733,-39152,-72540,-11586,-75887,-103529,-19740,-11510,-72057,-100801,-51404
643,643,0,-125393,-83733,-39152,-72540,-11586,-75887,-103529,-19740,-11510,-72057,-100801,-51404
644,644,0,-125393,-83733,-39152,-72540,-11586,-75887,-103529,-19740,-11510,-72057,-100801,-51404
645,645,0,-125393,-83733,-39152,-72540,-11586,-75887,-103529,-19740,-11510,-72057,-100801,-51404
646,646,0,-125393,-83733,-39152,-72540,-11586,-75887,-103529,-19740,-11510,-72057,-100801,-51404
647,647,0,-125393,-83733,-39152,-72540,-11586,-75887,-103529,-19740,-11510,-72057,-100801,-51404
648,648,0,-125393,-83733,-39152,-72540,-11586,-75887,-103529,-19740,-11510,-72057,-100801,-51404
649,649,0,-125393,-83733,-39152,-72540,-11586,-75887,-103529,-19740,-11510,-72057,-100801,-51404
650,650,0,-125393,-83733,-39152,-72540,-11586,-75887,-103529,-19740,-11510,-72057,-100801,-51404
651,651,0,-125393,-83733,-39152,-72540,-11586,-75887,-103529,-19740,-11510,-72057,-100801,-51404
652,652,0,-125393,-83733,-39152,-72540,-11586,-75887,-103529,-19740,-11510,-72057,-100801,-51404
653,653,0,-125393,-83733,-39152,-72540,-11586,-75887,-103529,-19740,-11510,-72057,-100801,-51404
654,654,0,-125393,-83733,-39152,-72540,-11586,-75887,-103529,-19740,-11510,-72057,-100801,-51404
655,655,0,-125393,-83733,-39152,-72540,-11586,-75887,-103529,-19740,-11510,-72057,-100801,-51404
656,656,0,-125393,-83733,-39152,-72540,-11586,-75887,-103529,-19740,-11510,-72057,-100801,-51404
657,657,0,-125393,-83733,-39152,-72540,-11586,-75887,-103529,-19740,-11510,-72057,-100801,-51404
658,658,0,-125393,-83733,-39152,-72540,-11586,-75887,-103529,-19740,-11510,-72057,-100801,-51404
659,659,0,-125393,-83733,-39152,-72540,-11586,-75887,-103529,-19740,-11510,-72057,-100801,-51404
660,660,0,-125393,-83733,-39152,-72540,-11586,-75887,-103529,-19740,-11510,-72057,-100801,-51404
661,661,0,-125393,-83733,-39152,-72540,-11586,-75887,-103529,-19740,-11510,-72057,-100801,-51404
662,662,0,-125393,-83733,-39152,-72540,-11586,-75887,-103529,-19740,-11510,-72057,-100801,-51404
663,663,0,-125393,-83733,-39152,-72540,-11586,-75887,-103529,-19740,-11510,-72057,-100801,-51404
664,664,0,-125393,-83733,-39152,-72540,-11586,-75887,-103529,-19740,-11510,-72057,-100801,-51404
665,665,0,-125393,-83733,-39152,-72540,-11586,-75887,-103529,-19740,-11510,-72057,-100801,-51404
666,666,0,-125393,-83733,-39152,-72540,-11586,-75887,-103529,-19740,-11510,-72057,-100801,-51404
667,667,0,-125393,-83733,-39152,-72540,-11586,-75887,-103529,-19740,-11510,-72057,-100801,-51404
668,668,0,-125393,-83733,-39152,-72540,-11586,-75887,-103529,-19740,-11510,-72057,-100801,-51404
669,669,0,-125393,-83733,-39152,-72540,-11586,-75887,-103529,-19740,-11510,-72057,-100801,-51404
670,670,0,-125393,-83733,-39152,-72540,-11586,-75887,-103529,-19740,-11510,-72057,-100801,-51404
671,671,0,-125393,-83733,-39152,-72540,-11586,-75887,-103529,-19740,-11510,-72057,-100801,-51404
672,672,0,-125393,-83733,-39152,-72540,-11586,-75887,-103529,-19740,-11510,-72057,-100801,-51404
673,673,0,-125393,-83733,-39152,-72540,-11586,-75887,-103529,-19740,-11510,-72057,-100801,-51404
674,674,0,-125393,-83733,-39152,-72540,-11586,-75887,-103529,-19740,-11510,-72057,-100801,-51404
675,675,0,-125393,-83733,-39152,-72540,-11586,-75887,-103529,-19740,-11510,-72057,-100801,-51404
676,676,0,-125393,-83733,-39152,-72540,-11586,-75887,-103529,-19740,-11510,-72057,-100801,-51404
677,677,0,-125393,-83733,-39152,-72540,-11586,-75887,-103529,-19740,-11510,-72057,-100801,-51404
678,678,0,-125393,-83733,-39152,-72540,-11586,-75887,-103529,-19740,-11510,-72057,-100801,-51404
679,679,0,-125393,-83733,-39152,-72540,-11586,-75887,-103529,-19740,-11510,-72057,-100801,-51404
680,680,0,-125393,-83733,-39152,-72540,-11586,-75887,-103529,-19740,-11510,-72057,-100801,-51404
681,681,0,-125393,-83733,-39152,-72540,-11586,-75887,-103529,-19740,-11510,-72057,-100801,-51404
682,682,0,-125393,-83733,-39152,-72540,-11586,-75887,-103529,-19740,-11510,-72057,-100801,-51404
683,683,0,-125393,-83733,-39152,-72540,-11586,-75887,-103529,-19740,-11510,-72057,-100801,-51404
684,684,0,-125393,-83733,-39152,-72540,-11586,-75887,-103529,-19740,-11510,-72057,-100801,-51404
685,685,0,-125393,-83733,-39152,-72540,-11586,-75887,-103529,-19740,-11510,-72057,-100801,-51404
686,686,0,-125393,-83733,-39152,-72540,-11586,-75887,-103529,-19740,-11510,-72057,-100801,-51404
687,687,0,-125393,-83733,-39152,-72540,-11586,-75887,-103529,-19740,-11510,-72057,-100801,-51404
688,688,0,-125393,-83733,-39152,-72540,-11586,-75887,-103529,-19740,-11510,-72057,-100801,-51404
689,689,0,-125393,-83733,-39152,-72540,-11586,-75887,-103529,-19740,-11510,-72057,-100801,-51404
690,690,0,-125393,-83733,-39152,-72540,-11586,-75887,-103529,-19740,-11510,-72057,-100801,-51404
691,691,0,-125393,-83733,-39152,-72540,-11586,-75887,-103529,-19740,-11510,-72057,-100801,-51404
692,692,0,-125393,-83733,-39152,-72540,-11586,-75887,-103529,-19740,-11510,-72057,-100801,-51404
693,693,0,-125393,-83733,-39152,-72540,-11586,-75887,-103529,-19740,-11510,-72057,-100801,-51404
694,694,0,-125393,-83733,-39152,-72540,-11586,-75887,-103529,-19740,-11510,-72057,-100801,-51404
695,695,0,-125393,-83733,-39152,-72540,-11586,-75887,-103529,-19740,-11510,-72057,-100801,-51404
696,696,0,-125393,-83733,-39152,-72540,-11586,-75887,-103529,-19740,-11510,-72057,-100801,-51404
697,697,0,-125393,-83733,-39152,-72540,-11586,-75887,-103529,-19740,-11510,-72057,-100801,-51404
698,698,0,-125393,-83733,-39152,-72540,-11586,-75887,-103529,-19740,-11510,-72057,-100801,-51404
699,699,0,-125393,-83733,-39152,-72540,-11586,-75887,-103529,-19740,-11510,-72057,-100801,-51404
700,700,0,-125393,-83733,-39152,-72540,-11586,-75887,-103529,-19740,-11510,-72057,-100801,-51404
701,701,0,-125393,-83733,-39152,-72540,-11586,-75887,-103529,-19740,-11510,-72057,-100801,-51404
702,702,0,-125393,-83733,-39152,-72540,-11586,-75887,-103529,-19740,-11510,-72057,-100801,-51404
703,703,0,-125393,-83733,-39152,-72540,-11586,-75887,-103529,-19740,-11510,-72057,-100801,-51404
704,704,0,-125393,-83733,-39152,-72540,-11586,-75887,-103529,-19740,-11510,-72057,-100801,-51404
705,705,0,-125393,-83733,-39152,-72540,-11586,-75887,-103529,-19740,-11510,-72057,-100801,-51404
706,706,0,-125393,-83733,-39152,-72540,-11586,-75887,-103529,-19740,-11510,-72057,-100801,-51404
707,707,0,-125393,-83733,-39152,-72540,-11586,-75887,-103529,-19740,-11510,-72057,-100801,-51404
708,708,0,-125393,-83733,-39152,-72540,-11586,-75887,-103529,-19740,-11510,-72057,-100801,-51404
709,709,0,-125393,-83733,-39152,-72540,-11586,-75887,-103529,-19740,-11510,-72057,-100801,-51404
710,710,0,-125393,-83733,-39152,-72540,-11586,-75887,-103529,-19740,-11510,-72057,-100801,-51404
711,711,0,-125393,-83733,-39152,-72540,-11586,-75887,-103529,-19740,-11510,-72057,-100801,-51404
712,712,0,-125393,-83733,-39152,-72540,-11586,-75887,-103529,-19740,-11510,-72057,-100801,-51404
713,713,0,-125393,-83733,-39152,-72540,-11586,-75887,-103529,-19740,-11510,-72057,-100801,-51404
714,714,0,-125393,-83733,-39152,-72540,-11586,-75887,-103529,-19740,-11510,-72057,-100801,-51404
715,715,0,-125393,-83733,-39152,-72540,-11586,-75887,-103529,-19740,-11510,-72057,-100801,-51404
716,716,0,-125393,-83733,-39152,-72540,-11586,-75887,-103529,-19740,-11510,-72057,-100801,-51404
717,717,0,-125393,-83733,-39152,-72540,-11586,-75887,-103529,-19740,-11510,-72057,-100801,-51404
718,718,0,-125393,-83733,-39152,-72540,-11586,-75887,-103529,-19740,-11510,-72057,-100801,-51404
719,719,0,-125393,-83733,-39152,-72540,-11586,-75887,-103529,-19740,-11510,-72057,-100801,-51404
720,720,0,-125393,-83733,-39152,-72540,-11586,-75887,-103529,-19740,-11510,-72057,-100801,-51404
721,721,0,-125393,-83733,-39152,-72540,-11586,-75887,-103529,-19740,-11510,-72057,-100801,-51404
722,722,0,-125393,-83733,-39152,-72540,-11586,-75887,-103529,-19740,-11510,-72057,-100801,-51404
723,723,0,-125393,-83733,-39152,-72540,-11586,-75887,-103529,-19740,-11510,-72057,-100801,-51404
724,724,0,-125393,-83733,-39152,-72540,-11586,-75887,-103529,-19740,-11510,-72057,-100801,-51404
725,725,0,-125393,-83733,-39152,-72540,-11586,-75887,-103529,-19740,-11510,-72057,-100801,-51404
726,726,0,-125393,-83733,-39152,-72540,-11586,-75887,-103529,-19740,-11510,-72057,-100801,-51404
727,727,0,-125393,-83733,-39152,-72540,-11586,-75887,-103529,-19740,-11510,-72057,-100801,-51404
728,728,0,-125393,-83733,-39152,-72540,-11586,-75887,-103529,-19740,-11510,-72057,-100801,-51404
729,729,0,-125393,-83733,-39152,-72540,-11586,-75887,-103529,-19740,-11510,-72057,-100801,-51404
730,730,0,-125393,-83733,-39152,-72540,-11586,-75887,-103529,-19740,-11510,-72057,-100801,-51404
731,731,0,-125393,-83733,-39152,-72540,-11586,-75887,-103529,-19740,-11510,-72057,-100801,-51404
732,732,0,-125393,-83733,-39152,-72540,-11586,-75887,-103529,-19740,-11510,-72057,-100801,-51404
733,733,0,-125393,-83733,-39152,-72540,-11586,-75887,-103529,-19740,-11510,-72057,-100801,-51404
734,734,0,-125393,-83733,-39152,-72540,-11586,-75887,-103529,-19740,-11510,-72057,-100801,-51404
735,735,0,-125393,-83733,-39152,-72540,-11586,-75887,-103529,-19740,-11510,-72057,-100801,-51404
736,736,0,-125393,-83733,-39152,-72540,-11586,-75887,-103529,-19740,-11510,-72057,-100801,-51404
737,737,0,-125393,-83733,-39152,-72540,-11586,-75887,-103529,-19740,-11510,-72057,-100801,-51404
738,738,0,-125393,-83733,-39152,-72540,-11586,-75887,-103529,-19740,-11510,-72057,-100801,-51404
739,739,0,-125393,-83733,-39152,-72540,-11586,-75887,-103529,-19740,-11510,-72057,-100801,-51404
740,740,0,-125393,-83733,-39152,-72540,-11586,-75887,-103529,-19740,-11510,-72057,-100801,-51404
741,741,0,-125393,-83733,-39152,-72540,-11586,-75887,-103529,-19740,-11510,-72057,-100801,-51404
742,742,0,-125393,-83733,-39152,-72540,-11586,-75887,-103529,-19740,-11510,-72057,-100801,-51404
743,743,0,-125393,-83733,-39152,-72540,-11586,-75887,-103529,-19740,-11510,-72057,-100801,-51404
744,744,0,-125393,-83733,-39152,-72540,-11586,-75887,-103529,-19740,-11510,-72057,-100801,-51404
745,745,0,-125393,-83733,-39152,-72540,-11586,-75887,-103529,-19740,-11510,-72057,-100801,-51404
746,746,0,-125393,-83733,-39152,-72540,-11586,-75887,-103529,-19740,-11510,-72057,-100801,-51404
747,747,0,-125393,-83733,-39152,-72540,-11586,-75887,-103529,-19740,-11510,-72057,-100801,-51404
748,748,0,-125393,-83733,-39152,-72540,-11586,-75887,-103529,-19740,-11510,-72057,-100801,-51404
749,749,0,-125393,-83733,-39152,-72540,-11586,-75887,-103529,-19740,-11510,-72057,-100801,-51404
750,750,0,-125393,-83733,-39152,-72540,-11586,-75887,-103529,-19740,-11510,-72057,-100801,-51404
751,751,0,-125393,-83733,-39152,-72540,-11586,-75887,-103529,-19740,-11510,-72057,-100801,-51404
752,752,0,-125393,-83733,-39152,-72540,-11586,-75887,-103529,-19740,-11510,-72057,-100801,-51404
753,753,0,-125393,-83733,-39152,-72540,-11586,-75887,-103529,-19740,-11510,-72057,-100801,-51404
754,754,0,-125393,-83733,-39152,-72540,-11586,-75887,-103529,-19740,-11510,-72057,-100801,-51404
755,755,0,-125393,-83733,-39152,-72540,-11586,-75887,-103529,-19740,-11510,-72057,-100801,-51404
756,756,0,-125393,-83733,-39152,-72540,-11586,-75887,-103529,-19740,-11510,-72057,-100801,-51404
757,757,0,-125393,-83733,-39152,-72540,-11586,-75887,-103529,-19740,-11510,-72057,-100801,-51404
758,758,0,-125393,-83733,-39152,-72540,-11586,-75887,-103529,-19740,-11510,-72057,-100801,-51404
759,759,0,-125393,-83733,-39152,-72540,-11586,-75887,-103529,-19740,-11510,-72057,-100801,-51404
760,760,0,-125393,-83733,-39152,-72540,-11586,-75887,-103529,-19740,-11510,-72057,-100801,-51404
761,761,0,-125393,-83733,-39152,-72540,-11586,-75887,-103529,-19740,-11510,-72057,-100801,-51404
762,762,0,-125393,-83733,-39152,-72540,-11586,-75887,-103529,-19740,-11510,-72057,-100801,-51404
763,763,0,-125393,-83733,-39152,-72540,-11586,-75887,-103529,-19740,-11510,-72057,-100801,-51404
764,764,0,-125393,-83733,-39152,-72540,-11586,-75887,-103529,-19740,-11510,-72057,-100801,-51404
765,765,0,-125393,-83733,-39152,-72540,-11586,-75887,-103529,-19740,-11510,-72057,-100801,-51404
766,766,0,-125393,-83733,-39152,-72540,-11586,-75887,-103529,-19740,-11510,-72057,-100801,-51404
767,767,0,-125393,-83733,-39152,-72540,-11586,-75887,-103529,-19740,-11510,-72057,-100801,-51404
768,768,0,-125393,-83733,-39152,-72540,-11586,-75887,-103529,-19740,-11510,-72057,-100801,-51404
769,769,0,-125393,-83733,-39152,-72540,-11586,-75887,-103529,-19740,-11510,-72057,-100801,-51404
770,770,0,-125393,-83733,-39152,-72540,-11586,-75887,-103529,-19740,-11510,-72057,-100801,-51404
771,771,0,-125393,-83733,-39152,-72540,-11586,-75887,-103529,-19740,-11510,-72057,-100801,-51404
772,772,0,-125393,-83733,-39152,-72540,-11586,-75887,-103529,-19740,-11510,-72057,-100801,-51404
773,773,0,-125393,-83733,-39152,-72540,-11586,-75887,-103529,-19740,-11510,-72057,-100801,-51404
774,774,0,-125393,-83733,-39152,-72540,-11586,-75887,-103529,-19740,-11510,-72057,-100801,-51404
775,775,0,-125393,-83733,-39152,-72540,-11586,-75887,-103529,-19740,-11510,-72057,-100801,-51404
776,776,0,-125393,-83733,-39152,-72540,-11586,-75887,-103529,-19740,-11510,-72057,-100801,-51404
777,777,0,-125393,-83733,-39152,-72540,-11586,-75887,-103529,-19740,-11510,-72057,-100801,-51404
778,778,0,-125393,-83733,-39152,-72540,-11586,-75887,-103529,-19740,-11510,-72057,-100801,-51404
779,779,0,-125393,-83733,-39152,-72540,-11586,-75887,-103529,-19740,-11510,-72057,-100801,-51404
780,780,0,-125393,-83733,-39152,-72540,-11586,-75887,-103529,-19740,-11510,-72057,-100801,-51404
781,781,0,-125393,-83733,-39152,-72540,-11586,-75887,-103529,-19740,-11510,-72057,-100801,-51404
782,782,0,-125393,-83733,-39152,-72540,-11586,-75887,-103529,-19740,-11510,-72057,-100801,-51404
783,783,0,-125393,-83733,-39152,-72540,-11586,-75887,-103529,-19740,-11510,-72057,-100801,-51404
784,784,0,-125393,-83733,-39152,-72540,-11586,-75887,-103529,-19740,-11510,-72057,-100801,-51404
785,785,0,-125393,-83733,-39152,-72540,-11586,-75887,-103529,-19740,-11510,-72057,-100801,-51404
786,786,0,-125393,-83733,-39152,-72540,-11586,-75887,-103529,-19740,-11510,-72057,-100801,-51404
787,787,0,-125393,-83733,-39152,-72540,-11586,-75887,-103529,-19740,-11510,-72057,-100801,-51404
788,788,0,-125393,-83733,-39152,-72540,-11586,-75887,-103529,-19740,-11510,-72057,-100801,-51404
789,789,0,-125393,-83733,-39152,-72540,-11586,-75887,-103529,-19740,-11510,-72057,-100801,-51404
790,790,0,-125393,-83733,-39152,-72540,-11586,-75887,-103529,-19740,-11510,-72057,-100801,-51404
791,791,0,-125393,-83733,-39152,-72540,-11586,-75887,-103529,-19740,-11510,-72057,-100801,-51404
792,792,0,-125393,-83733,-39152,-72540,-11586,-75887,-103529,-19740,-11510,-72057,-100801,-51404
793,793,0,-125393,-83733,-39152,-72540,-11586,-75887,-103529,-19740,-11510,-72057,-100801,-51404
794,794,0,-125393,-83733,-39152,-72540,-11586,-75887,-103529,-19740,-11510,-72057,-100801,-51404
795,795,0,-125393,-83733,-39152,-72540,-11586,-75887,-103529,-19740,-11510,-72057,-100801,-51404
796,796,0,-125393,-83733,-39152,-72540,-11586,-75887,-103529,-19740,-11510,-72057,-100801,-51404
797,797,0,-125393,-83733,-39152,-72540,-11586,-75887,-103529,-19740,-11510,-72057,-100801,-51404
798,798,0,-125393,-83733,-39152,-72540,-11586,-75887,-103529,-19740,-11510,-72057,-100801,-51404
799,799,0,-125393,-83733,-39152,-72540,-11586,-75887,-103529,-19740,-11510,-72057,-100801,-51404
800,800,0,-125393,-83733,-39152,-72540,-11586,-75887,-103529,-19740,-11510,-72057,-100801,-51404
801,801,0,-125393,-83733,-39152,-72540,-11586,-75887,-103529,-19740,-11510,-72057,-100801,-51404
802,802,0,-125393,-83733,-39152,-72540,-11586,-75887,-103529,-19740,-11510,-72057,-100801,-51404
803,803,0,-125393,-83733,-39152,-72540,-11586,-75887,-103529,-19740,-11510,-72057,-100801,-51404
804,804,0,-125393,-83733,-39152,-72540,-11586,-75887,-103529,-19740,-11510,-72057,-100801,-51404
805,805,0,-125393,-83733,-39152,-72540,-11586,-75887,-103529,-19740,-11510,-72057,-100801,-51404
806,806,0,-125393,-83733,-39152,-72540,-11586,-75887,-103529,-19740,-11510,-72057,-100801,-51404
807,807,0,-125393,-83733,-39152,-72540,-11586,-75887,-103529,-19740,-11510,-72057,-100801,-51404
808,808,0,-125393,-83733,-39152,-72540,-11586,-75887,-103529,-19740,-11510,-72057,-100801,-51404
809,809,0,-125393,-83733,-39152,-72540,-11586,-75887,-103529,-19740,-11510,-72057,-100801,-51404
810,810,0,-125393,-83733,-39152,-72540,-11586,-75887,-103529,-19740,-11510,-72057,-100801,-51404
811,811,0,-125393,-83733,-39152,-72540,-11586,-75887,-103529,-19740,-11510,-72057,-100801,-51404
812,812,0,-125393,-83733,-39152,-72540,-11586,-75887,-103529,-19740,-11510,-72057,-100801,-51404
813,813,0,-125393,-83733,-39152,-72540,-11586,-75887,-103529,-19740,-11510,-72057,-100801,-51404
814,814,0,-125393,-83733,-39152,-72540,-11586,-75887,-103529,-19740,-11510,-72057,-100801,-51404
815,815,0,-125393,-83733,-39152,-72540,-11586,-75887,-103529,-19740,-11510,-72057,-100801,-51404
816,816,0,-125393,-83733,-39152,-72540,-11586,-75887,-103529,-19740,-11510,-72057,-100801,-51404
817,817,0,-125393,-83733,-39152,-72540,-11586,-75887,-103529,-19740,-11510,-72057,-100801,-51404
818,818,0,-125393,-83733,-39152,-72540,-11586,-75887,-103529,-19740,-11510,-72057,-100801,-51404
819,819,0,-125393,-83733,-39152,-72540,-11586,-75887,-103529,-19740,-11510,-72057,-100801,-51404
820,820,0,-125393,-83733,-39152,-72540,-11586,-75887,-103529,-19740,-11510,-72057,-100801,-51404
821,821,0,-125393,-83733,-39152,-72540,-11586,-75887,-103529,-19740,-11510,-72057,-100801,-51404
822,822,0,-125393,-83733,-39152,-72540,-11586,-75887,-103529,-19740,-11510,-72057,-100801,-51404
823,823,0,-125393,-83733,-39152,-72540,-11586,-75887,-103529,-19740,-11510,-72057,-100801,-51404
824,824,0,-125393,-83733,-39152,-72540,-11586,-75887,-103529,-19740,-11510,-72057,-100801,-51404
825,825,0,-125393,-83733,-39152,-72540,-11586,-75887,-103529,-19740,-11510,-72057,-100801,-51404
826,826,0,-125393,-83733,-39152,-72540,-11586,-75887,-103529,-19740,-11510,-72057,-100801,-51404
827,827,0,-125393,-83733,-39152,-72540,-11586,-75887,-103529,-19740,-11510,-72057,-100801,-51404
828,828,0,-125393,-83733,-39152,-72540,-11586,-75887,-103529,-19740,-11510,-72057,-100801,-51404
829,829,0,-125393,-83733,-39152,-72540,-11586,-75887,-103529,-19740,-11510,-72057,-100801,-51404
830,830,0,-125393,-83733,-39152,-72540,-11586,-75887,-103529,-19740,-11510,-72057,-100801,-51404
831,831,0,-125393,-83733,-39152,-72540,-11586,-75887,-103529,-19740,-11510,-72057,-100801,-51404
832,832,0,-125393,-83733,-39152,-72540,-11586,-75887,-103529,-19740,-11510,-72057,-100801,-51404
833,833,0,-125393,-83733,-39152,-72540,-11586,-75887,-103529,-19740,-11510,-72057,-100801,-51404
834,834,0,-125393,-83733,-39152,-72540,-11586,-75887,-103529,-19740,-11510,-72057,-100801,-51404
835,835,0,-125393,-83733,-39152,-72540,-11586,-75887,-103529,-19740,-11510,-72057,-100801,-51404
836,836,0,-125393,-83733,-39152,-72540,-11586,-75887,-103529,-19740,-11510,-72057,-100801,-51404
837,837,0,-125393,-83733,-39152,-72540,-11586,-75887,-103529,-19740,-11510,-72057,-100801,-51404
838,838,0,-125393,-83733,-39152,-72540,-11586,-75887,-103529,-19740,-11510,-72057,-100801,-51404
839,839,0,-125393,-83733,-39152,-72540,-11586,-75887,-103529,-19740,-11510,-72057,-100801,-51404
840,840,0,-125393,-83733,-39152,-72540,-11586,-75887,-103529,-19740,-11510,-72057,-100801,-51404
841,841,0,-125393,-83733,-39152,-72540,-11586,-75887,-103529,-19740,-11510,-72057,-100801,-51404
842,842,0,-125393,-83733,-39152,-72540,-11586,-75887,-103529,-19740,-11510,-72057,-100801,-51404
843,843,0,-125393,-83733,-39152,-72540,-11586,-75887,-103529,-19740,-11510,-72057,-100801,-51404
844,844,0,-125393,-83733,-39152,-72540,-11586,-75887,-103529,-19740,-11510,-72057,-100801,-51404
845,845,0,-125393,-83733,-39152,-72540,-11586,-75887,-103529,-19740,-11510,-72057,-100801,-51404
846,846,0,-125393,-83733,-39152,-72540,-11586,-75887,-103529,-19740,-11510,-72057,-100801,-51404
847,847,0,-125393,-83733,-39152,-72540,-11586,-75887,-103529,-19740,-11510,-72057,-100801,-51404
848,848,0,-125393,-83733,-39152,-72540,-11586,-75887,-103529,-19740,-11510,-72057,-100801,-51404
849,849,0,-125393,-83733,-39152,-72540,-11586,-75887,-103529,-19740,-11510,-72057,-100801,-51404
850,850,0,-125393,-83733,-39152,-72540,-11586,-75887,-103529,-19740,-11510,-72057,-100801,-51404
851,851,0,-125393,-83733,-39152,-72540,-11586,-75887,-103529,-19740,-11510,-72057,-100801,-51404
852,852,0,-125393,-83733,-39152,-72540,-11586,-75887,-103529,-19740,-11510,-72057,-100801,-51404
853,853,0,-125393,-83733,-39152,-72540,-11586,-75887,-103529,-19740,-11510,-72057,-100801,-51404
854,854,0,-125393,-83733,-39152,-72540,-11586,-75887,-103529,-19740,-11510,-72057,-100801,-51404
855,855,0,-125393,-83733,-39152,-72540,-11586,-75887,-103529,-19740,-11510,-72057,-100801,-51404
856,856,0,-125393,-83733,-39152,-72540,-11586,-75887,-103529,-19740,-11510,-72057,-100801,-51404
857,857,0,-125393,-83733,-39152,-72540,-11586,-75887,-103529,-19740,-11510,-72057,-100801,-51404
858,858,0,-125393,-83733,-39152,-72540,-11586,-75887,-103529,-19740,-11510,-72057,-100801,-51404
859,859,0,-125393,-83733,-39152,-72540,-11586,-75887,-103529,-19740,-11510,-72057,-100801,-51404
860,860,0,-125393,-83733,-39152,-72540,-11586,-75887,-103529,-19740,-11510,-72057,-100801,-51404
861,861,0,-125393,-83733,-39152,-72540,-11586,-75887,-103529,-19740,-11510,-72057,-100801,-51404
862,862,0,-125393,-83733,-39152,-72540,-11586,-75887,-103529,-19740,-11510,-72057,-100801,-51404
863,863,0,-125393,-83733,-39152,-72540,-11586,-75887,-103529,-19740,-11510,-72057,-100801,-51404
864,864,0,-125393,-83733,-39152,-72540,-11586,-75887,-103529,-19740,-11510,-72057,-100801,-51404
865,865,0,-125393,-83733,-39152,-72540,-11586,-75887,-103529,-19740,-11510,-72057,-100801,-51404
866,866,0,-125393,-83733,-39152,-72540,-11586,-75887,-103529,-19740,-11510,-72057,-100801,-51404
867,867,0,-125393,-83733,-39152,-72540,-11586,-75887,-103529,-19740,-11510,-72057,-100801,-51404
868,868,0,-125393,-83733,-39152,-72540,-11586,-75887,-103529,-19740,-11510,-72057,-100801,-51404
869,869,0,-125393,-83733,-39152,-72540,-11586,-75887,-103529,-19740,-11510,-72057,-100801,-51404
870,870,0,-125393,-83733,-39152,-72540,-11586,-75887,-103529,-19740,-11510,-72057,-100801,-51404
871,871,0,-125393,-83733,-39152,-72540,-11586,-75887,-103529,-19740,-11510,-72057,-100801,-51404
872,872,0,-125393,-83733,-39152,-72540,-11586,-75887,-103529,-19740,-11510,-72057,-100801,-51404
873,873,0,-125393,-83733,-39152,-72540,-11586,-75887,-103529,-19740,-11510,-72057,-100801,-51404
874,874,0,-125393,-83733,-39152,-72540,-11586,-75887,-103529,-19740,-11510,-72057,-100801,-51404
875,875,0,-125393,-83733,-39152,-72540,-11586,-75887,-103529,-19740,-11510,-72057,-100801,-51404
876,876,0,-125393,-83733,-39152,-72540,-11586,-75887,-103529,-19740,-11510,-72057,-100801,-51404
877,877,0,-125393,-83733,-39152,-72540,-11586,-75887,-103529,-19740,-11510,-72057,-100801,-51404
878,878,0,-125393,-83733,-39152,-72540,-11586,-75887,-103529,-19740,-11510,-72057,-100801,-51404
879,879,0,-125393,-83733,-39152,-72540,-11586,-75887,-103529,-19740,-11510,-72057,-100801,-51404
880,880,0,-125393,-83733,-39152,-72540,-11586,-75887,-103529,-19740,-11510,-72057,-100801,-51404
881,881,0,-125393,-83733,-39152,-72540,-11586,-75887,-103529,-19740,-11510,-72057,-100801,-51404
882,882,0,-125393,-83733,-39152,-72540,-11586,-75887,-103529,-19740,-11510,-72057,-100801,-51404
883,883,0,-125393,-83733,-39152,-72540,-11586,-75887,-103529,-19740,-11510,-72057,-100801,-51404
884,884,0,-125393,-83733,-39152,-72540,-11586,-75887,-103529,-19740,-11510,-72057,-100801,-51404
885,885,0,-125393,-83733,-39152,-72540,-11586,-75887,-103529,-19740,-11510,-72057,-100801,-51404
886,886,0,-125393,-83733,-39152,-72540,-11586,-75887,-103529,-19740,-11510,-72057,-100801,-51404
887,887,0,-125393,-83733,-39152,-72540,-11586,-75887,-103529,-19740,-11510,-72057,-100801,-51404
888,888,0,-125393,-83733,-39152,-72540,-11586,-75887,-103529,-19740,-11510,-72057,-100801,-51404
889,889,0,-125393,-83733,-39152,-72540,-11586,-75887,-103529,-19740,-11510,-72057,-100801,-51404
890,890,0,-125393,-83733,-39152,-72540,-11586,-75887,-103529,-19740,-11510,-72057,-100801,-51404
891,891,0,-125393,-83733,-39152,-72540,-11586,-75887,-103529,-19740,-11510,-72057,-100801,-51404
892,892,0,-125393,-83733,-39152,-72540,-11586,-75887,-103529,-19740,-11510,-72057,-100801,-51404
893,893,0,-125393,-83733,-39152,-72540,-11586,-75887,-103529,-19740,-11510,-72057,-100801,-51404
894,894,0,-125393,-83733,-39152,-72540,-11586,-75887,-103529,-19740,-11510,-72057,-100801,-51404
895,895,0,-125393,-83733,-39152,-72540,-11586,-75887,-103529,-19740,-11510,-72057,-100801,-51404
896,896,0,-125393,-83733,-39152,-72540,-11586,-75887,-103529,-19740,-11510,-72057,-100801,-51404
897,897,0,-125393,-83733,-39152,-72540,-11586,-75887,-103529,-19740,-11510,-72057,-100801,-51404
898,898,0,-125393,-83733,-39152,-72540,-11586,-75887,-103529,-19740,-11510,-72057,-100801,-51404
899,899,0,-125393,-83733,-39152,-72540,-11586,-75887,-103529,-19740,-11510,-72057,-100801,-51404
900,900,0,-125393,-83733,-39152,-72540,-11586,-75887,-103529,-19740,-11510,-72057,-100801,-51404
901,901,0,-125393,-83733,-39152,-72540,-11586,-75887,-103529,-19740,-11510,-72057,-100801,-51404
902,902,0,-125393,-83733,-39152,-72540,-11586,-75887,-103529,-19740,-11510,-72057,-100801,-51404
903,903,0,-125393,-83733,-39152,-72540,-11586,-75887,-103529,-19740,-11510,-72057,-100801,-51404
904,904,0,-125393,-83733,-39152,-72540,-11586,-75887,-103529,-19740,-11510,-72057,-100801,-51404
905,905,0,-125393,-83733,-39152,-72540,-11586,-75887,-103529,-19740,-11510,-72057,-100801,-51404
906,906,0,-125393,-83733,-39152,-72540,-11586,-75887,-103529,-19740,-11510,-72057,-100801,-51404
907,907,0,-125393,-83733,-39152,-72540,-11586,-75887,-103529,-19740,-11510,-72057,-100801,-51404
908,908,0,-125393,-83733,-39152,-72540,-11586,-75887,-103529,-19740,-11510,-72057,-100801,-51404
909,909,0,-125393,-83733,-39152,-72540,-11586,-75887,-103529,-19740,-11510,-72057,-100801,-51404
910,910,0,-125393,-83733,-39152,-72540,-11586,-75887,-103529,-19740,-11510,-72057,-100801,-51404
911,911,0,-125393,-83733,-39152,-72540,-11586,-75887,-103529,-19740,-11510,-72057,-100801,-51404
912,912,0,-125393,-83733,-39152,-72540,-11586,-75887,-103529,-19740,-11510,-72057,-100801,-51404
913,913,0,-125393,-83733,-39152,-72540,-11586,-75887,-103529,-19740,-11510,-72057,-100801,-51404
914,914,0,-125393,-83733,-39152,-72540,-11586,-75887,-103529,-19740,-11510,-72057,-100801,-51404
915,915,0,-125393,-83733,-39152,-72540,-11586,-75887,-103529,-19740,-11510,-72057,-100801,-51404
916,916,0,-125393,-83733,-39152,-72540,-11586,-75887,-103529,-19740,-11510,-72057,-100801,-51404
917,917,0,-125393,-83733,-39152,-72540,-11586,-75887,-103529,-19740,-11510,-72057,-100801,-51404
918,918,0,-125393,-83733,-39152,-72540,-11586,-75887,-103529,-19740,-11510,-72057,-100801,-51404
919,919,0,-125393,-83733,-39152,-72540,-11586,-75887,-103529,-19740,-11510,-72057,-100801,-51404
920,920,0,-125393,-83733,-39152,-72540,-11586,-75887,-103529,-19740,-11510,-72057,-100801,-51404
921,921,0,-125393,-83733,-39152,-72540,-11586,-75887,-103529,-19740,-11510,-72057,-100801,-51404
922,922,0,-125393,-83733,-39152,-72540,-11586,-75887,-103529,-19740,-11510,-72057,-100801,-51404
923,923,0,-125393,-83733,-39152,-72540,-11586,-75887,-103529,-19740,-11510,-72057,-100801,-51404
924,924,0,-125393,-83733,-39152,-72540,-11586,-75887,-103529,-19740,-11510,-72057,-100801,-51404
925,925,0,-125393,-83733,-39152,-72540,-11586,-75887,-103529,-19740,-11510,-72057,-100801,-51404
926,926,0,-125393,-83733,-39152,-72540,-11586,-75887,-103529,-19740,-11510,-72057,-100801,-51404
927,927,0,-125393,-83733,-39152,-72540,-11586,-75887,-103529,-19740,-11510,-72057,-100801,-51404
928,928,0,-125393,-83733,-39152,-72540,-11586,-75887,-103529,-19740,-11510,-72057,-100801,-51404
929,929,0,-125393,-83733,-39152,-72540,-11586,-75887,-103529,-19740,-11510,-72057,-100801,-51404
930,930,0,-125393,-83733,-39152,-72540,-11586,-75887,-103529,-19740,-11510,-72057,-100801,-51404
931,931,0,-125393,-83733,-39152,-72540,-11586,-75887,-103529,-19740,-11510,-72057,-100801,-51404
932,932,0,-125393,-83733,-39152,-72540,-11586,-75887,-103529,-19740,-11510,-72057,-100801,-51404
933,933,0,-125393,-83733,-39152,-72540,-11586,-75887,-103529,-19740,-11510,-72057,-100801,-51404
934,934,0,-125393,-83733,-39152,-72540,-11586,-75887,-103529,-19740,-11510,-72057,-100801,-51404
935,935,0,-125393,-83733,-39152,-72540,-11586,-75887,-103529,-19740,-11510,-72057,-100801,-51404
936,936,0,-125393,-83733,-39152,-72540,-11586,-75887,-103529,-19740,-11510,-72057,-100801,-51404
937,937,0,-125393,-83733,-39152,-72540,-11586,-75887,-103529,-19740,-11510,-72057,-100801,-51404
938,938,0,-125393,-83733,-39152,-72540,-11586,-75887,-103529,-19740,-11510,-72057,-100801,-51404
939,939,0,-125393,-83733,-39152,-72540,-11586,-75887,-103529,-19740,-11510,-72057,-100801,-51404
940,940,0,-125393,-83733,-39152,-72540,-11586,-75887,-103529,-19740,-11510,-72057,-100801,-51404
941,941,0,-125393,-83733,-39152,-72540,-11586,-75887,-103529,-19740,-11510,-72057,-100801,-51404
942,942,0,-125393,-83733,-39152,-72540,-11586,-75887,-103529,-19740,-11510,-72057,-100801,-51404
943,943,0,-125393,-83733,-39152,-72540,-11586,-75887,-103529,-19740,-11510,-72057,-100801,-51404
944,944,0,-125393,-83733,-39152,-72540,-11586,-75887,-103529,-19740,-11510,-72057,-100801,-51404
945,945,0,-125393,-83733,-39152,-72540,-11586,-75887,-103529,-19740,-11510,-72057,-100801,-51404
946,946,0,-125393,-83733,-39152,-72540,-11586,-75887,-103529,-19740,-11510,-72057,-100801,-51404
947,947,0,-125393,-83733,-39152,-72540,-11586,-75887,-103529,-19740,-11510,-72057,-100801,-51404
948,948,0,-125393,-83733,-39152,-72540,-11586,-75887,-103529,-19740,-11510,-72057,-100801,-51404
949,949,0,-125393,-83733,-39152,-72540,-11586,-75887,-103529,-19740,-11510,-72057,-100801,-51404
950,950,0,-125393,-83733,-39152,-72540,-11586,-75887,-103529,-19740,-11510,-72057,-100801,-51404
951,951,0,-125393,-83733,-39152,-72540,-11586,-75887,-103529,-19740,-11510,-72057,-100801,-51404
952,952,0,-125393,-83733,-39152,-72540,-11586,-75887,-103529,-19740,-11510,-72057,-100801,-51404
953,953,0,-125393,-83733,-39152,-72540,-11586,-75887,-103529,-19740,-11510,-72057,-100801,-51404
954,954,0,-125393,-83733,-39152,-72540,-11586,-75887,-103529,-19740,-11510,-72057,-100801,-51404
955,955,0,-125393,-83733,-39152,-72540,-11586,-75887,-103529,-19740,-11510,-72057,-100801,-51404
956,956,0,-125393,-83733,-39152,-72540,-11586,-75887,-103529,-19740,-11510,-72057,-100801,-51404
957,957,0,-125393,-83733,-39152,-72540,-11586,-75887,-103529,-19740,-11510,-72057,-100801,-51404
958,958,0,-125393,-83733,-39152,-72540,-11586,-75887,-103529,-19740,-11510,-72057,-100801,-51404
959,959,0,-125393,-83733,-39152,-72540,-11586,-75887,-103529,-19740,-11510,-72057,-100801,-51404
960,960,0,-125393,-83733,-39152,-72540,-11586,-75887,-103529,-19740,-11510,-72057,-100801,-51404
961,961,0,-125393,-83733,-39152,-72540,-11586,-75887,-103529,-19740,-11510,-72057,-100801,-51404
962,962,0,-125393,-83733,-39152,-72540,-11586,-75887,-103529,-19740,-11510,-72057,-100801,-51404
963,963,0,-125393,-83733,-39152,-72540,-11586,-75887,-103529,-19740,-11510,-72057,-100801,-51404
964,964,0,-125393,-83733,-39152,-72540,-11586,-75887,-103529,-19740,-11510,-72057,-100801,-51404
965,965,0,-125393,-83733,-39152,-72540,-11586,-75887,-103529,-19740,-11510,-72057,-100801,-51404
966,966,0,-125393,-83733,-39152,-72540,-11586,-75887,-103529,-19740,-11510,-72057,-100801,-51404
967,967,0,-125393,-83733,-39152,-72540,-11586,-75887,-103529,-19740,-11510,-72057,-100801,-51404
968,968,0,-125393,-83733,-39152,-72540,-11586,-75887,-103529,-19740,-11510,-72057,-100801,-51404
969,969,0,-125393,-83733,-39152,-72540,-11586,-75887,-103529,-19740,-11510,-72057,-100801,-51404
970,970,0,-125393,-83733,-39152,-72540,-11586,-75887,-103529,-19740,-11510,-72057,-100801,-51404
971,971,0,-125393,-83733,-39152,-72540,-11586,-75887,-103529,-19740,-11510,-72057,-100801,-51404
972,972,0,-125393,-83733,-39152,-72540,-11586,-75887,-103529,-19740,-11510,-72057,-100801,-51404
973,973,0,-125393,-83733,-39152,-72540,-11586,-75887,-103529,-19740,-11510,-72057,-100801,-51404
974,974,0,-125393,-83733,-39152,-72540,-11586,-75887,-103529,-19740,-11510,-72057,-100801,-51404
975,975,0,-125393,-83733,-39152,-72540,-11586,-75887,-103529,-19740,-11510,-72057,-100801,-51404
976,976,0,-125393,-83733,-39152,-72540,-11586,-75887,-103529,-19740,-11510,-72057,-100801,-51404
977,977,0,-125393,-83733,-39152,-72540,-11586,-75887,-103529,-19740,-11510,-72057,-100801,-51404
978,978,0,-125393,-83733,-39152,-72540,-11586,-75887,-103529,-19740,-11510,-72057,-100801,-51404
979,979,0,-125393,-83733,-39152,-72540,-11586,-75887,-103529,-19740,-11510,-72057,-100801,-51404
980,980,0,-125393,-83733,-39152,-72540,-11586,-75887,-103529,-19740,-11510,-72057,-100801,-51404
981,981,0,-125393,-83733,-39152,-72540,-11586,-75887,-103529,-19740,-11510,-72057,-100801,-51404
982,982,0,-125393,-83733,-39152,-72540,-11586,-75887,-103529,-19740,-11510,-72057,-100801,-51404
983,983,0,-125393,-83733,-39152,-72540,-11586,-75887,-103529,-19740,-11510,-72057,-100801,-51404
984,984,0,-125393,-83733,-39152,-72540,-11586,-75887,-103529,-19740,-11510,-72057,-100801,-51404
985,985,0,-125393,-83733,-39152,-72540,-11586,-75887,-103529,-19740,-11510,-72057,-100801,-51404
986,986,0,-125393,-83733,-39152,-72540,-11586,-75887,-103529,-19740,-11510,-72057,-100801,-51404
987,987,0,-125393,-83733,-39152,-72540,-11586,-75887,-103529,-19740,-11510,-72057,-100801,-51404
988,988,0,-125393,-83733,-39152,-72540,-11586,-75887,-103529,-19740,-11510,-72057,-100801,-51404
989,989,0,-125393,-83733,-39152,-72540,-11586,-75887,-103529,-19740,-11510,-72057,-100801,-51404
990,990,0,-125393,-83733,-39152,-72540,-11586,-75887,-103529,-19740,-11510,-72057,-100801,-51404
991,991,0,-125393,-83733,-39152,-72540,-11586,-75887,-103529,-19740,-11510,-72057,-100801,-51404
992,992,0,-125393,-83733,-39152,-72540,-11586,-75887,-103529,-19740,-11510,-72057,-100801,-51404
993,993,0,-125393,-83733,-39152,-72540,-11586,-75887,-103529,-19740,-11510,-72057,-100801,-51404
994,994,0,-125393,-83733,-39152,-72540,-11586,-75887,-103529,-19740,-11510,-72057,-100801,-51404
995,995,0,-125393,-83733,-39152,-72540,-11586,-75887,-103529,-19740,-11510,-72057,-100801,-51404
996,996,0,-125393,-83733,-39152,-72540,-11586,-75887,-103529,-19740,-11510,-72057,-100801,-51404
997,997,0,-125393,-83733,-39152,-72540,-11586,-75887,-103529,-19740,-11510,-72057,-100801,-51404
998,998,0,-125393,-83733,-39152,-72540,-11586,-75887,-103529,-19740,-11510,-72057,-100801,-51404
999,999,0,-125393,-83733,-39152,-72540,-11586,-75887,-103529,-19740,-11510,-72057,-100801,-51404
1000,1000,0,-125393,-83733,-39152,-72540,-11586,-75887,-103529,-19740,-11510,-72057,-100801,-51404
1001,1001,0,-125393,-83733,-39152,-72540,-11586,-75887,-103529,-19740,-11510,-72057,-100801,-51404
1002,1002,0,-125393,-83733,-39152,-72540,-11586,-75887,-103529,-19740,-11510,-72057,-100801,-51404
1003,1003,0,-125393,-83733,-39152,-72540,-11586,-75887,-103529,-19740,-11510,-72057,-100801,-51404
1004,1004,0,-125393,-83733,-39152,-72540,-11586,-75887,-103529,-19740,-11510,-72057,-100801,-51404
1005,1005,0,-125393,-83733,-39152,-72540,-11586,-75887,-103529,-19740,-11510,-72057,-100801,-51404
1006,1006,0,-125393,-83733,-39152,-72540,-11586,-75887,-103529,-19740,-11510,-72057,-100801,-51404
1007,1007,0,-125393,-83733,-39152,-72540,-11586,-75887,-103529,-19740,-11510,-72057,-100801,-51404
1008,1008,0,-125393,-83733,-39152,-72540,-11586,-75887,-103529,-19740,-11510,-72057,-100801,-51404
1009,1009,0,-125393,-83733,-39152,-72540,-11586,-75887,-103529,-19740,-11510,-72057,-100801,-51404
1010,1010,0,-125393,-83733,-39152,-72540,-11586,-75887,-103529,-19740,-11510,-72057,-100801,-51404
1011,1011,0,-125393,-83733,-39152,-72540,-11586,-75887,-103529,-19740,-11510,-72057,-100801,-51404
1012,1012,0,-125393,-83733,-39152,-72540,-11586,-75887,-103529,-19740,-11510,-72057,-100801,-51404
1013,1013,0,-125393,-83733,-39152,-72540,-11586,-75887,-103529,-19740,-11510,-72057,-100801,-51404
1014,1014,0,-125393,-83733,-39152,-72540,-11586,-75887,-103529,-19740,-11510,-72057,-100801,-51404
1015,1015,0,-125393,-83733,-39152,-72540,-11586,-75887,-103529,-19740,-11510,-72057,-100801,-51404
1016,1016,0,-125393,-83733,-39152,-72540,-11586,-75887,-103529,-19740,-11510,-72057,-100801,-51404
1017,1017,0,-125393,-83733,-39152,-72540,-11586,-75887,-103529,-19740,-11510,-72057,-100801,-51404
1018,1018,0,-125393,-83733,-39152,-72540,-11586,-75887,-103529,-19740,-11510,-72057,-100801,-51404
1019,1019,0,-125393,-83733,-39152,-72540,-11586,-75887,-103529,-19740,-11510,-72057,-100801,-51404
1020,1020,0,-125393,-83733,-39152,-72540,-11586,-75887,-103529,-19740,-11510,-72057,-100801,-51404
1021,1021,0,-125393,-83733,-39152,-72540,-11586,-75887,-103529,-19740,-11510,-72057,-100801,-51404
1022,1022,0,-125393,-83733,-39152,-72540,-11586,-75887,-103529,-19740,-11510,-72057,-100801,-51404
1023,1023,0,-125393,-83733,-39152,-72540,-11586,-75887,-103529,-19740,-11510,-72057,-100801,-51404
